SiteID,LayerID,Country,Period,Era,A,B,C1,C2,C3,D1,D2,D3,D4,D5,D6,D7,E1,E2,E3,E4,F1,F2,F3,G1,G2,G3,H,I,Latitude,Longitude
1000014,3000021,Syrian Arab Republic,MP,MP,0,0,1,0,0,1,0,1,0,1,0,0,0,0,0,0,1,1,1,1,0,0,0,0,36.3989,36.8675
1000014,3000032,Syrian Arab Republic,MP,MP,0,0,1,0,0,1,0,1,0,1,0,0,0,0,0,0,1,1,1,1,0,0,0,0,36.3989,36.8675
1000014,3000043,Syrian Arab Republic,MP,MP,0,0,1,0,0,1,0,1,0,1,0,0,0,0,0,0,1,1,1,1,0,0,0,0,36.3989,36.8675
1000014,3000054,Syrian Arab Republic,MP,MP,0,0,1,0,0,1,0,1,0,1,0,0,0,0,0,0,1,1,1,1,0,0,0,0,36.3989,36.8675
1000014,3000065,Syrian Arab Republic,MP,MP,0,0,1,0,0,1,0,1,0,1,0,0,0,0,0,0,1,1,1,1,0,0,0,0,36.3989,36.8675
1000014,3000076,Syrian Arab Republic,MP,MP,0,0,1,0,0,1,0,1,0,1,0,0,0,0,0,0,1,1,1,1,0,0,0,0,36.3989,36.8675
1000014,3000087,Syrian Arab Republic,MP,MP,0,0,1,0,0,1,0,1,0,1,0,0,0,0,0,0,1,1,1,1,0,0,0,0,36.3989,36.8675
1000014,3000098,Syrian Arab Republic,MP,MP,0,0,1,0,0,1,0,1,0,1,0,0,0,0,0,0,1,1,1,1,0,0,0,0,36.3989,36.8675
1000014,3000102,Syrian Arab Republic,MP,MP,0,0,1,0,0,1,0,1,0,1,0,0,0,0,0,0,1,1,1,1,0,0,0,0,36.3989,36.8675
1000014,3000113,Syrian Arab Republic,MP,MP,0,0,1,0,0,1,0,1,0,1,0,0,0,0,0,0,1,1,1,1,0,0,0,0,36.3989,36.8675
1000014,3000124,Syrian Arab Republic,MP,MP,0,0,1,0,0,1,0,1,0,1,0,0,0,0,0,0,1,1,1,1,0,0,0,0,36.3989,36.8675
1000014,3000135,Syrian Arab Republic,MP,MP,0,0,1,0,0,1,0,1,0,1,0,0,0,0,0,0,1,1,1,1,0,0,0,0,36.3989,36.8675
1000014,3000146,Syrian Arab Republic,MP,MP,0,0,1,0,0,1,0,1,0,1,0,0,0,0,0,0,1,1,1,1,0,0,0,0,36.3989,36.8675
1000014,3000157,Syrian Arab Republic,MP,MP,0,0,1,0,0,1,0,1,0,1,0,0,0,0,0,0,1,1,1,1,0,0,0,0,36.3989,36.8675
1000014,3012680,Syrian Arab Republic,MP,MP,0,0,1,0,0,1,0,1,0,1,0,0,0,0,0,0,1,1,1,1,0,0,0,0,36.3989,36.8675
1000014,3012691,Syrian Arab Republic,MP (HS),MP,0,0,0,0,0,1,0,1,0,1,0,0,0,0,0,0,1,1,1,1,0,0,0,0,36.3989,36.8675
1000014,3012705,Syrian Arab Republic,MP (HS),MP,0,0,1,0,0,1,0,1,0,1,0,0,0,0,0,0,1,1,1,1,1,0,0,0,36.3989,36.8675
1000025,3000168,Jordan,MP,MUP,1,0,1,0,0,1,1,1,0,1,0,1,0,0,0,0,1,1,1,1,1,0,0,0,29.825,35.425
1000047,3000191,Russian Federation,MP,MP,0,0,0,0,0,1,1,1,1,0,0,0,0,0,0,0,0,1,1,0,0,0,0,0,50.7228,85.5742
1000047,3000205,Russian Federation,MP,MP,0,0,0,0,0,1,1,1,0,0,0,0,0,0,0,0,0,1,1,0,0,0,0,0,50.7228,85.5742
1000047,3000272,Russian Federation,UP,MUP,0,0,0,0,0,1,1,1,1,1,0,0,0,0,0,0,0,1,0,0,1,0,0,0,50.7228,85.5742
1000047,3000283,Russian Federation,UP,MUP,0,0,0,0,0,1,1,1,1,0,0,0,0,0,0,0,0,1,0,0,1,0,0,0,50.7228,85.5742
1000047,3000294,Russian Federation,UP,UP,0,0,0,0,0,1,1,1,1,0,0,0,0,0,0,0,0,0,0,0,1,0,0,0,50.7228,85.5742
1000047,3000308,Russian Federation,UP,UP,0,0,0,0,0,1,1,1,1,1,0,0,0,0,0,0,0,0,0,0,1,0,0,0,50.7228,85.5742
1000047,3000397,Russian Federation,UP,UP,0,0,0,0,0,0,0,1,0,0,0,0,0,0,0,0,0,0,0,0,1,0,0,0,50.7228,85.5742
1000047,3052981,Russian Federation,UP,UP,0,0,0,0,0,1,0,0,0,0,0,0,0,0,0,0,0,0,0,0,0,0,0,0,50.7228,85.5742
1000058,3000401,Russian Federation,UP,MUP,0,0,1,1,0,1,1,1,0,1,0,0,0,0,0,0,0,0,0,1,1,0,0,0,51.0427,86.2995
1000069,3000456,Russian Federation,MP,MP,0,0,0,0,0,1,1,0,0,1,0,0,0,0,0,0,0,0,1,0,0,0,0,0,51.7318,84.0395
1000069,3012392,Russian Federation,MP,MP,0,0,0,0,0,1,0,1,0,1,0,0,0,0,0,0,0,0,1,0,0,0,0,0,51.7318,84.0395
1000069,3012406,Russian Federation,MP,MP,0,0,0,0,0,1,0,0,0,1,0,0,0,0,0,0,0,0,0,0,0,0,0,0,51.7318,84.0395
1000069,3037371,Russian Federation,MP,MP,0,0,0,0,0,1,0,0,0,0,0,0,0,0,0,0,0,0,1,0,0,0,0,0,51.7318,84.0395
1000069,3037382,Russian Federation,MP,MP,0,0,0,1,0,1,0,0,0,0,0,0,0,0,0,0,0,1,1,0,0,0,0,0,51.7318,84.0395
1000070,3019045,Russian Federation,UP,UP,0,0,0,1,0,1,0,0,0,0,0,0,0,0,0,0,0,0,0,0,1,0,0,0,51.1708,83.0211
1000070,3019056,Russian Federation,UP,UP,0,0,0,1,0,1,0,0,0,0,0,0,0,0,0,0,0,0,0,0,1,0,0,0,51.1708,83.0211
1000070,3082131,Russian Federation,MP,MP,0,0,0,0,0,1,0,0,0,0,0,0,0,0,0,0,0,1,0,0,0,0,0,0,51.1708,83.0211
1000081,3017777,Russian Federation,UP,MUP,0,0,0,0,0,1,0,0,0,0,0,0,0,0,0,0,1,0,0,0,0,0,0,0,51.3977,84.6761
1000081,3017799,Russian Federation,MP,MP,0,0,0,1,0,1,0,0,0,0,0,0,0,0,0,0,0,1,0,0,0,0,0,0,51.3977,84.6761
1000081,3017892,Russian Federation,UP,UP,0,0,0,1,0,1,0,1,0,0,0,0,0,0,0,0,0,0,0,0,1,0,0,0,51.3977,84.6761
1000081,3037360,Russian Federation,MP,MP,0,0,0,1,0,1,0,0,0,0,0,0,0,0,0,0,0,0,1,0,0,0,0,0,51.3977,84.6761
1000081,3037418,Russian Federation,MP,MP,0,0,0,0,0,1,0,0,0,1,0,0,0,0,0,0,0,1,1,0,0,0,0,0,51.3977,84.6761
1000092,3017836,Russian Federation,UP,UP,0,0,0,0,0,1,0,1,0,1,0,0,0,1,0,0,0,0,0,1,1,0,0,0,51.3806,84.6889
1000092,3017847,Russian Federation,UP,UP,0,0,0,1,0,1,0,0,0,0,0,0,0,0,0,0,0,0,0,0,0,0,0,0,51.3806,84.6889
1000092,3020175,Russian Federation,UP,UP,0,0,0,0,0,1,0,0,1,1,0,1,0,0,0,0,0,0,0,0,1,1,0,0,51.3806,84.6889
1000092,3037441,Russian Federation,UP,UP,0,0,0,0,0,1,0,0,0,0,0,1,0,0,0,0,0,0,0,0,1,1,0,0,51.3806,84.6889
1000092,3037452,Russian Federation,UP,MUP,0,0,0,0,0,1,0,0,0,0,0,0,0,0,0,0,0,0,0,0,1,1,0,0,51.3806,84.6889
1000092,3037463,Russian Federation,MP,MP,0,0,0,0,0,0,0,0,0,0,0,0,0,0,0,0,0,1,0,0,0,0,0,0,51.3806,84.6889
1000092,3037474,Russian Federation,MP,MP,0,0,0,0,0,0,0,0,0,0,0,0,0,0,0,0,0,1,0,0,0,0,0,0,51.3806,84.6889
1000092,3037496,Russian Federation,MP,MP,0,0,0,0,0,1,0,0,0,0,0,0,0,0,0,0,0,0,0,0,0,0,0,0,51.3806,84.6889
1000117,3019296,Russian Federation,UP,UP,0,0,0,0,0,0,0,0,1,1,0,0,0,1,0,0,0,0,0,0,0,0,0,0,54.0558,91.0438
1000117,3019300,Russian Federation,UP,UP,0,0,0,1,0,1,0,0,0,0,0,0,0,0,0,0,0,0,0,0,1,0,0,0,54.0558,91.0438
1000117,3019322,Russian Federation,MP,MP,0,0,0,0,0,1,0,0,0,0,0,0,0,0,0,0,0,1,0,0,0,0,0,0,54.0558,91.0438
1000117,3019333,Russian Federation,MP,MP,0,0,0,0,0,1,0,0,0,0,0,0,0,0,0,0,0,1,0,0,0,0,0,0,54.0558,91.0438
1000117,3081613,Russian Federation,MP,MP,0,0,0,0,0,1,0,0,0,0,0,0,0,0,0,0,0,0,1,0,0,0,0,0,54.0558,91.0438
1000139,3015421,Russian Federation,UP,UP,0,0,0,0,0,1,0,0,1,1,0,0,0,0,0,0,0,0,0,1,1,0,0,0,51.2436,112.3746
1000139,3019942,Russian Federation,MP,MUP,0,0,1,0,0,0,0,0,0,0,0,0,0,0,0,0,0,1,0,1,0,0,0,0,51.2436,112.3746
1000151,3041747,Russian Federation,UP,UP,0,0,0,0,0,1,0,0,0,0,0,0,0,0,0,0,0,0,0,0,1,0,0,0,50.4521,86.5529
1000151,3041758,Russian Federation,UP,MUP,0,0,0,0,0,1,0,0,0,0,0,0,0,0,0,0,0,0,0,0,1,0,0,0,50.4521,86.5529
1000162,3015410,Russian Federation,UP,UP,0,0,0,0,0,1,0,0,1,0,0,1,0,0,0,0,0,0,0,0,1,1,0,0,51.3975,84.6761
1000162,3019964,Russian Federation,UP,UP,0,0,0,0,0,1,0,0,0,1,0,0,0,0,0,0,0,0,0,0,0,0,0,0,51.3975,84.6761
1000162,3019975,Russian Federation,UP,UP,0,0,0,0,0,0,0,0,0,1,0,0,0,0,0,0,0,0,0,1,1,1,0,0,51.3975,84.6761
1000162,3019986,Russian Federation,UP,UP,0,0,0,0,0,1,0,1,0,1,0,0,0,0,0,0,0,0,0,0,1,1,0,0,51.3975,84.6761
1000162,3019997,Russian Federation,UP,UP,0,0,0,1,0,1,0,1,0,0,0,0,0,0,0,0,0,0,0,1,1,0,0,0,51.3975,84.6761
1000162,3081635,Russian Federation,UP,UP,0,0,0,1,0,0,0,0,1,0,0,0,0,0,0,0,0,1,1,0,0,0,0,0,51.3975,84.6761
1000162,3081646,Russian Federation,UP,UP,0,0,0,0,0,1,0,1,1,0,0,0,0,0,0,0,0,1,1,0,1,1,0,0,51.3975,84.6761
1000162,3081668,Russian Federation,UP,UP,0,0,0,0,0,1,0,0,0,1,0,0,0,0,0,0,0,1,1,0,1,0,0,0,51.3975,84.6761
1004007,3011542,Syrian Arab Republic,MP,MP,0,0,1,0,0,1,1,1,0,1,0,0,0,0,0,0,1,1,1,0,0,0,0,0,34.6417,38.4583
1004007,3011553,Syrian Arab Republic,MP (HS),MP,0,0,1,0,0,1,1,1,0,1,0,1,0,0,0,0,1,1,1,0,1,0,0,0,34.6417,38.4583
1004007,3011564,Syrian Arab Republic,MP (HS),MP,0,0,1,0,0,1,1,1,0,1,0,0,0,0,0,0,1,1,1,1,1,0,0,0,34.6417,38.4583
1004007,3011575,Syrian Arab Republic,MP (HS),MP,0,0,1,0,0,1,1,1,0,1,0,1,0,0,0,0,1,1,1,1,1,0,0,0,34.6417,38.4583
1004007,3011586,Syrian Arab Republic,MP (HS),MP,0,0,1,0,0,1,1,1,0,1,0,1,0,0,0,0,1,1,1,1,1,0,0,0,34.6417,38.4583
1004007,3011597,Syrian Arab Republic,MP (HS),MP,0,0,1,0,0,1,1,1,0,1,0,1,0,0,0,0,1,1,1,1,1,0,0,0,34.6417,38.4583
1004007,3011601,Syrian Arab Republic,MP (HS),MP,0,0,1,0,0,1,1,1,0,1,0,1,0,0,0,0,1,1,1,0,0,0,0,0,34.6417,38.4583
1004007,3011612,Syrian Arab Republic,MP (HS),MP,0,0,0,0,0,1,1,1,0,0,0,1,0,0,0,0,1,1,1,1,0,0,0,0,34.6417,38.4583
1004018,3011623,Israel,MP,MP,0,0,1,0,0,1,1,1,0,1,0,0,1,0,0,0,1,1,1,1,0,0,0,0,32.6706,34.9656
1004018,3011645,Israel,MP (HS),MP,0,0,1,0,0,1,1,1,0,1,0,0,1,0,0,0,1,1,1,1,0,0,0,0,32.6706,34.9656
1004018,3011656,Israel,MP (HS),MP,0,0,1,0,0,1,1,1,0,0,0,0,1,0,0,0,1,1,1,1,0,0,0,0,32.6706,34.9656
1004029,3011726,Israel,MP,MP,0,0,1,0,0,1,1,1,0,1,0,0,0,0,0,0,1,1,1,1,0,0,0,0,32.5736,34.9689
1004029,3011737,Israel,MP,MP,0,0,1,0,0,1,1,1,0,1,0,0,0,0,0,0,1,1,1,1,0,0,0,0,32.5736,34.9689
1004029,3011748,Israel,MP,MP,0,0,1,0,0,1,1,1,0,1,0,0,0,0,0,0,1,1,1,1,0,0,0,0,32.5736,34.9689
1004029,3011759,Israel,MP,MP,0,0,1,0,0,1,1,1,0,1,0,0,0,0,0,0,1,1,1,1,0,0,0,0,32.5736,34.9689
1004029,3011760,Israel,MP,MP,0,0,1,0,0,1,1,1,0,1,0,0,0,0,0,0,1,1,1,1,0,0,0,0,32.5736,34.9689
1004029,3011771,Israel,MP,MP,0,0,0,0,0,1,1,1,0,1,0,0,0,0,0,0,1,1,1,1,0,0,0,0,32.5736,34.9689
1004029,3012325,Israel,MP,MUP,0,0,1,0,0,1,1,1,0,1,0,0,0,0,0,0,1,1,1,1,0,0,0,0,32.5736,34.9689
1004029,3013120,Israel,UP,UP,0,0,0,0,0,1,1,1,1,1,0,0,0,0,0,0,0,0,0,1,1,1,0,0,32.5736,34.9689
1004029,3013809,Israel,UP,MUP,0,0,0,0,0,1,1,1,1,1,0,0,0,0,0,0,0,1,1,1,1,1,0,0,32.5736,34.9689
1004029,3014095,Israel,MP,MUP,0,0,1,0,0,1,1,1,0,1,0,1,0,0,0,0,1,1,1,1,0,0,0,0,32.5736,34.9689
1004029,3014121,Israel,UP,UP,0,0,0,0,0,1,1,1,1,1,0,0,0,0,0,0,0,0,0,1,1,1,0,0,32.5736,34.9689
1004029,3014132,Israel,UP,MUP,0,0,0,0,0,1,1,1,1,1,0,0,0,0,0,0,0,1,1,1,1,1,0,0,32.5736,34.9689
1004030,3011782,Israel,MP (HS),MP,0,0,1,0,0,1,1,1,0,1,0,0,0,0,0,0,1,1,1,1,0,0,0,0,32.6861,35.2889
1004030,3011793,Israel,MP (HS),MP,0,0,1,0,0,1,1,1,0,1,0,0,0,0,0,0,1,1,1,1,0,0,0,0,32.6861,35.2889
1004030,3011807,Israel,MP (HS),MP,0,0,1,0,0,1,1,1,0,1,0,0,0,0,0,0,1,1,1,1,0,0,0,0,32.6861,35.2889
1004030,3011818,Israel,MP (HS),MP,0,0,1,0,0,1,1,1,0,1,0,0,0,0,0,0,1,1,1,1,0,0,0,0,32.6861,35.2889
1004030,3011829,Israel,MP (HS),MP,0,0,1,0,0,1,1,1,0,1,0,0,0,0,0,0,1,1,1,1,0,0,0,0,32.6861,35.2889
1004030,3011830,Israel,MP (HS),MP,0,0,1,0,0,1,1,1,0,1,0,0,0,0,0,0,1,1,1,1,0,0,0,0,32.6861,35.2889
1004030,3011841,Israel,MP (HS),MP,0,0,1,0,0,1,1,1,0,1,0,0,0,0,0,0,1,1,1,1,0,0,0,0,32.6861,35.2889
1004030,3011852,Israel,MP (HS),MP,0,0,1,0,0,1,1,1,0,1,0,0,0,0,0,0,1,1,1,1,0,0,0,0,32.6861,35.2889
1004030,3011863,Israel,MP (HS),MP,0,0,1,0,0,1,1,1,0,1,0,0,0,0,0,0,1,1,1,1,0,0,0,0,32.6861,35.2889
1004030,3011874,Israel,MP (HS),MP,0,0,1,0,0,1,1,1,0,1,0,0,0,0,0,0,1,1,1,1,0,0,0,0,32.6861,35.2889
1004030,3011885,Israel,MP (HS),MP,0,0,1,0,0,1,1,1,0,1,0,0,0,0,0,0,1,1,1,1,0,0,0,0,32.6861,35.2889
1004030,3011896,Israel,MP (HS),MP,0,0,1,0,0,1,1,1,0,1,0,0,0,0,0,0,1,1,1,1,0,0,0,0,32.6861,35.2889
1004030,3011900,Israel,MP (HS),MP,0,0,1,0,0,1,1,1,0,1,0,0,0,0,0,0,1,1,1,1,0,0,0,0,32.6861,35.2889
1004030,3011911,Israel,MP (HS),MP,0,0,1,0,0,1,1,1,0,1,0,0,0,0,0,0,1,1,1,1,0,0,0,0,32.6861,35.2889
1004030,3011922,Israel,MP (HS),MP,0,0,1,0,0,1,1,1,0,1,0,0,0,0,0,0,1,1,1,1,0,0,0,0,32.6861,35.2889
1004030,3011933,Israel,MP (HS),MP,0,0,1,0,0,1,1,1,0,1,0,0,0,0,0,0,1,1,1,1,0,0,0,0,32.6861,35.2889
1004030,3011944,Israel,MP (HS),MP,0,0,1,0,0,1,1,1,0,1,0,0,0,0,0,0,1,1,1,1,0,0,0,0,32.6861,35.2889
1004030,3011955,Israel,MP (HS),MP,0,0,1,0,0,1,1,1,0,1,0,0,0,0,0,0,1,1,1,1,0,0,0,0,32.6861,35.2889
1004030,3011966,Israel,MP (HS),MP,0,0,1,0,0,1,1,1,0,1,0,0,0,0,0,0,1,1,1,1,0,0,0,0,32.6861,35.2889
1004030,3011977,Israel,MP (HS),MP,0,0,1,0,0,1,1,1,0,1,0,0,0,0,0,0,1,1,1,1,0,0,0,0,32.6861,35.2889
1004030,3011988,Israel,MP (HS),MP,0,0,1,0,0,1,1,1,0,1,0,0,0,0,0,0,1,1,1,1,0,0,0,0,32.6861,35.2889
1004030,3011999,Israel,MP (HS),MP,0,0,1,0,0,1,1,1,0,1,0,0,0,0,0,0,1,1,1,1,0,0,0,0,32.6861,35.2889
1004030,3012990,Israel,UP,MUP,0,0,0,0,0,1,1,1,0,1,0,0,0,0,0,0,0,1,1,1,1,0,0,0,32.6861,35.2889
1004030,3013739,Israel,UP,MUP,0,0,0,0,0,1,1,1,0,1,0,0,0,0,0,0,0,1,1,1,1,0,0,0,32.6861,35.2889
1004052,3012037,Lebanon,UP,UP,0,0,0,0,0,1,1,1,1,1,0,1,0,0,0,0,0,1,1,1,1,0,0,0,33.9167,35.5917
1004052,3012059,Lebanon,UP,UP,0,0,0,0,0,1,1,1,0,1,0,0,0,0,0,0,1,1,1,1,1,0,0,0,33.9167,35.5917
1004052,3012060,Lebanon,UP,MUP,0,0,0,0,0,1,1,1,0,1,0,0,0,0,0,0,1,1,1,1,1,0,0,0,33.9167,35.5917
1004052,3012071,Lebanon,UP,MUP,0,0,0,0,0,1,1,1,0,1,0,0,0,0,0,0,1,1,1,1,1,0,0,0,33.9167,35.5917
1004052,3039638,Lebanon,UP,MUP,0,0,0,0,0,1,1,1,0,1,0,0,0,0,0,0,1,1,1,1,1,0,0,0,33.9167,35.5917
1004074,3012093,Lebanon,MP (HS),MP,0,0,0,0,0,1,1,1,0,1,0,1,0,0,0,0,1,1,1,1,0,0,0,0,33.95,35.6
1004074,3012107,Lebanon,MP (HS),MP,0,0,0,0,0,1,1,1,0,1,0,1,0,0,0,0,1,1,1,1,0,0,0,0,33.95,35.6
1004074,3012118,Lebanon,MP (HS),MP,0,0,0,0,0,1,1,1,0,1,0,1,0,0,0,0,1,1,1,1,0,0,0,0,33.95,35.6
1004074,3012129,Lebanon,MP (HS),MP,0,0,0,0,0,1,1,1,0,1,0,1,0,0,0,0,1,1,1,1,0,0,0,0,33.95,35.6
1004074,3012130,Lebanon,MP (HS),MP,0,0,0,0,0,1,1,1,0,1,0,1,0,0,0,0,1,1,1,1,0,0,0,0,33.95,35.6
1004074,3012141,Lebanon,MP (HS),MP,0,0,0,0,0,1,1,1,0,1,0,1,0,0,0,0,1,1,1,1,0,0,0,0,33.95,35.6
1004074,3012152,Lebanon,MP (HS),MP,0,0,0,0,0,1,1,1,0,1,0,1,0,0,0,0,1,1,1,1,0,0,0,0,33.95,35.6
1004074,3012163,Lebanon,MP (HS),MP,0,0,0,0,0,1,1,1,0,1,0,1,0,0,0,0,1,1,1,1,0,0,0,0,33.95,35.6
1004074,3012174,Lebanon,MP (HS),MP,0,0,0,0,0,1,1,1,0,1,0,1,0,0,0,0,1,1,1,1,0,0,0,0,33.95,35.6
1004074,3012185,Lebanon,MP (HS),MP,0,0,0,0,0,1,1,1,0,1,0,1,0,0,0,0,1,1,1,1,0,0,0,0,33.95,35.6
1004074,3012196,Lebanon,MP (HS),MP,0,0,0,0,0,1,1,1,0,1,0,1,0,0,0,0,1,1,1,1,0,0,0,0,33.95,35.6
1004096,3012200,Lebanon,MP,MP,0,0,0,0,0,1,1,1,0,1,0,1,0,0,0,0,1,1,1,1,0,0,0,0,33.3167,35.3333
1004122,3012370,Israel,MP,MP,0,0,1,0,0,1,1,1,0,1,1,1,0,0,0,0,1,1,1,1,0,0,0,0,32.8725,35.5017
1004122,3012417,Israel,MP,MP,0,0,1,0,0,1,1,1,0,1,1,1,0,0,0,0,1,1,1,1,0,0,0,0,32.8725,35.5017
1004122,3012428,Israel,MP,MP,0,0,1,0,0,1,1,1,0,1,0,1,0,0,0,0,1,1,1,1,0,0,0,0,32.8725,35.5017
1004133,3012439,Israel,MP (HS),MP,1,0,1,0,0,1,1,1,0,1,0,0,1,0,0,0,1,1,1,1,0,0,0,0,32.6258,34.9586
1004144,3012440,Israel,MP (HS),MP,0,0,0,0,0,1,1,1,0,1,0,0,0,0,0,0,1,1,1,1,1,0,0,0,30.8261,34.7625
1004155,3012451,Lebanon,MP,MP,0,0,1,0,0,1,1,1,0,1,0,1,0,0,0,0,1,1,1,1,0,0,0,0,34.3417,35.8167
1004155,3012462,Lebanon,MP,MP,0,0,1,0,0,1,1,1,0,1,0,1,0,0,0,0,1,1,1,1,0,0,0,0,34.3417,35.8167
1004155,3012473,Lebanon,MP,MP,0,0,1,0,0,1,1,1,0,1,0,1,0,0,0,0,1,1,1,1,0,0,0,0,34.3417,35.8167
1004166,3012484,Lebanon,MP,MUP,0,0,1,0,0,1,1,1,0,1,0,1,0,0,0,0,1,1,1,1,0,0,0,0,33.9111,35.6083
1004166,3012495,Lebanon,MP,MP,0,0,1,0,0,1,1,1,0,1,0,1,0,0,0,0,1,1,1,1,0,0,0,0,33.9111,35.6083
1004166,3012509,Lebanon,MP,MP,0,0,1,0,0,1,1,1,0,1,0,1,0,0,0,0,1,1,1,1,0,0,0,0,33.9111,35.6083
1004166,3012510,Lebanon,MP,MP,0,0,1,0,0,1,1,1,0,1,0,1,0,0,0,0,1,1,1,1,0,0,0,0,33.9111,35.6083
1004166,3012521,Lebanon,MP,MP,0,0,1,0,0,1,1,1,0,1,0,1,0,0,0,0,1,1,1,1,0,0,0,0,33.9111,35.6083
1004166,3012532,Lebanon,MP,MP,0,0,1,0,0,1,1,1,0,1,0,1,0,0,0,0,1,1,1,1,0,0,0,0,33.9111,35.6083
1004166,3012912,Lebanon,UP,UP,1,0,0,0,0,1,1,1,0,1,0,0,0,0,0,0,1,1,1,1,1,1,0,0,33.9111,35.6083
1004166,3013050,Lebanon,UP,UP,0,0,0,0,0,1,1,1,1,1,0,0,0,0,0,0,1,1,1,1,1,1,0,0,33.9111,35.6083
1004166,3013153,Lebanon,UP,UP,0,0,0,0,0,1,1,1,1,1,0,0,0,0,0,0,0,1,1,1,1,1,0,0,33.9111,35.6083
1004166,3013304,Lebanon,UP,UP,0,0,0,0,0,1,1,1,1,1,0,0,0,0,0,0,0,1,1,1,1,1,0,0,33.9111,35.6083
1004166,3013315,Lebanon,UP,UP,0,0,0,0,0,1,1,1,1,1,0,0,0,0,0,0,0,1,1,1,1,1,0,0,33.9111,35.6083
1004166,3013625,Lebanon,UP,UP,1,0,0,0,0,1,1,1,0,1,0,0,0,0,0,0,1,1,1,1,1,1,0,0,33.9111,35.6083
1004166,3013636,Lebanon,UP,UP,1,0,0,0,0,1,1,1,0,1,0,0,0,0,0,0,1,1,1,1,1,1,0,0,33.9111,35.6083
1004166,3013647,Lebanon,UP,UP,1,0,0,0,0,1,1,1,0,1,0,0,0,0,0,0,1,1,1,1,1,1,0,0,33.9111,35.6083
1004166,3013658,Lebanon,UP,UP,0,0,0,0,0,1,1,1,1,1,0,0,0,0,0,0,0,1,1,1,1,1,0,0,33.9111,35.6083
1004166,3013669,Lebanon,UP,MUP,1,0,1,0,0,1,1,1,0,1,0,1,0,0,0,0,1,1,1,1,1,1,0,0,33.9111,35.6083
1004166,3013670,Lebanon,UP,MUP,1,0,1,0,0,1,1,1,0,1,0,1,0,0,0,0,1,1,1,1,1,1,0,0,33.9111,35.6083
1004166,3013681,Lebanon,UP,MUP,1,0,1,0,0,1,1,1,0,1,0,1,0,0,0,0,1,1,1,1,1,1,0,0,33.9111,35.6083
1004166,3013692,Lebanon,UP,MUP,0,0,1,0,0,1,1,1,0,1,0,1,0,0,0,0,1,1,1,1,1,0,0,0,33.9111,35.6083
1004166,3013706,Lebanon,UP,MUP,0,0,1,0,0,1,1,1,0,1,0,1,0,0,0,0,1,1,1,1,1,0,0,0,33.9111,35.6083
1004166,3013728,Lebanon,UP,UP,0,0,0,0,0,1,1,1,1,1,0,0,0,0,0,0,0,1,0,1,1,0,0,0,33.9111,35.6083
1004166,3019908,Lebanon,UP,UP,0,0,0,0,0,1,1,1,1,1,0,0,0,0,0,0,0,0,0,1,1,1,0,0,33.9111,35.6083
1004166,3039524,Lebanon,UP,UP,0,0,0,0,0,1,1,1,1,1,0,0,0,0,0,0,0,0,0,1,1,1,0,0,33.9111,35.6083
1004166,3039650,Lebanon,UP,UP,0,0,0,0,0,1,1,1,0,1,0,0,0,0,0,0,1,1,1,1,1,0,0,0,33.9111,35.6083
1004166,3040333,Lebanon,UP,UP,0,0,0,0,0,1,1,1,1,1,0,0,0,0,0,0,0,0,0,1,1,1,0,0,33.9111,35.6083
1004177,3012543,Lebanon,MP (HS),MP,0,0,0,0,0,1,1,1,0,1,0,1,0,0,0,0,1,1,1,1,0,0,0,0,33.75,35.4542
1004177,3012554,Lebanon,MP (HS),MP,0,0,0,0,0,1,1,1,0,1,0,1,0,0,0,0,1,1,1,1,0,0,0,0,33.75,35.4542
1004177,3012565,Lebanon,MP (HS),MP,0,0,0,0,0,1,1,1,0,1,0,1,0,0,0,0,1,1,1,1,0,0,0,0,33.75,35.4542
1004177,3019458,Lebanon,MP (HS),MP,0,0,0,0,0,1,1,1,0,0,0,0,0,0,0,0,1,1,1,1,0,0,0,0,33.75,35.4542
1004188,3012576,Syrian Arab Republic,MP (HS),MP,0,0,1,0,0,1,1,1,0,1,0,0,0,0,0,0,1,1,1,1,0,0,0,0,34.6625,38.1958
1004188,3012587,Syrian Arab Republic,MP (HS),MP,0,0,1,0,0,1,1,1,0,1,0,1,0,0,0,0,1,1,1,1,0,0,0,0,34.6625,38.1958
1004188,3012598,Syrian Arab Republic,MP (HS),MP,0,0,1,0,0,1,1,1,0,1,0,1,0,0,0,0,1,1,1,1,1,0,0,0,34.6625,38.1958
1004188,3013773,Syrian Arab Republic,UP,MUP,0,0,1,0,0,1,1,1,0,1,0,1,0,0,0,0,1,1,1,1,1,0,0,0,34.6625,38.1958
1004199,3012602,Syrian Arab Republic,MP,MUP,0,0,1,0,0,1,1,1,0,1,0,0,0,0,0,0,1,1,1,1,0,0,0,0,33.0389,35.825
1004203,3012613,Israel,MP,MUP,0,0,1,0,0,1,1,1,0,1,0,0,0,0,0,0,1,1,1,1,0,0,0,0,31.275,34.5
1004214,3012624,Jordan,MP (HS),MP,0,0,1,0,0,1,1,1,0,1,1,0,0,0,0,0,1,1,1,1,0,0,0,0,30.9167,35.5333
1004225,3012635,Israel,MP (HS),MP,0,0,0,0,0,1,1,1,0,1,0,0,0,0,0,0,1,1,1,1,0,0,0,0,30.8333,34.7778
1004225,3012646,Israel,MP (HS),MP,0,0,0,0,0,1,1,1,0,1,0,0,0,0,0,0,1,1,1,1,0,0,0,0,30.8333,34.7778
1004225,3012657,Israel,MP (HS),MP,0,0,0,0,0,1,1,1,0,1,0,0,0,0,0,0,1,1,1,1,0,0,0,0,30.8333,34.7778
1004225,3019517,Israel,MP (HS),MP,0,0,0,0,0,1,1,1,0,1,0,0,0,0,0,0,1,1,1,1,0,0,0,0,30.8333,34.7778
1004236,3012668,Jordan,MP,MP,1,0,1,0,0,1,1,1,0,1,0,1,0,0,0,0,1,1,1,1,0,0,0,0,29.8833,35.5
1004247,3012679,Lebanon,MP (HS),MP,0,0,0,0,0,1,1,1,0,1,0,1,0,0,0,0,1,1,1,1,0,0,0,0,34.0667,35.6458
1004247,3012716,Lebanon,MP (HS),MP,0,0,0,0,0,1,1,1,0,1,0,1,0,0,0,0,1,1,1,1,0,0,0,0,34.0667,35.6458
1004247,3012727,Lebanon,MP (HS),MP,0,0,0,0,0,1,1,1,0,1,0,1,0,0,0,0,1,1,1,1,0,0,0,0,34.0667,35.6458
1004258,3012738,Israel,UP,MUP,0,0,0,0,0,1,1,1,0,1,0,0,0,0,0,0,0,1,1,1,1,0,0,0,33.1333,35.5667
1004269,3012749,Israel,UP,MUP,0,0,0,0,0,1,1,1,0,1,0,0,0,0,0,0,0,1,1,1,1,0,0,0,30.7,34.9083
1004269,3019528,Israel,UP,MUP,0,0,0,0,0,1,1,1,0,1,0,0,0,0,0,0,0,1,1,1,1,0,0,0,30.7,34.9083
1004269,3019539,Israel,UP,MUP,0,0,0,0,0,1,1,1,0,1,0,0,0,0,0,0,0,1,1,1,1,0,0,0,30.7,34.9083
1004269,3019540,Israel,UP,MUP,0,0,0,0,0,1,1,1,0,1,0,0,0,0,0,0,0,1,1,1,1,0,0,0,30.7,34.9083
1004281,3013005,Syrian Arab Republic,UP,MUP,0,0,1,0,0,1,1,1,0,1,0,0,0,0,0,0,1,1,1,1,1,0,0,0,35.2683,38.8892
1004281,3013326,Syrian Arab Republic,UP,UP,0,0,0,0,0,1,1,1,1,1,0,0,0,0,0,0,0,0,1,1,1,1,0,0,35.2683,38.8892
1004281,3014073,Syrian Arab Republic,UP,MUP,0,0,0,0,0,1,1,1,0,1,0,0,0,0,0,0,1,1,1,1,1,0,0,0,35.2683,38.8892
1004281,3014936,Syrian Arab Republic,MP,MP,0,0,0,0,0,1,1,1,0,0,0,0,0,0,0,0,1,1,1,1,0,0,0,0,35.2683,38.8892
1004281,3039661,Syrian Arab Republic,UP,UP,0,0,0,0,0,1,1,1,1,1,0,0,0,0,0,0,0,0,0,1,1,1,0,0,35.2683,38.8892
1004281,3039683,Syrian Arab Republic,UP,UP,0,0,0,0,0,1,1,1,1,1,0,0,0,0,0,0,0,0,0,1,1,1,0,0,35.2683,38.8892
1004281,3039694,Syrian Arab Republic,UP,UP,0,0,0,0,0,1,1,1,1,1,0,0,0,0,0,0,0,0,0,1,1,1,0,0,35.2683,38.8892
1004306,3012761,Jordan,UP,MUP,0,0,0,0,0,1,1,1,0,1,0,0,0,0,0,0,1,1,1,1,1,0,0,0,30.8458,35.9658
1004306,3014165,Jordan,UP,MUP,0,0,0,0,0,1,1,1,0,1,0,0,0,0,0,0,1,1,1,1,1,0,0,0,30.8458,35.9658
1004328,3019562,Israel,UP,UP,0,0,0,0,0,1,1,1,1,1,0,0,0,0,0,0,0,1,1,1,1,1,0,0,30.7583,34.95
1004328,3019632,Israel,UP,UP,0,0,0,0,0,1,1,1,0,1,0,0,0,0,0,0,0,1,1,1,1,1,0,0,30.7583,34.95
1004328,3039535,Israel,UP,UP,0,0,0,0,0,1,1,1,0,1,0,0,0,0,0,0,0,1,1,1,1,1,0,0,30.7583,34.95
1004328,3039546,Israel,UP,UP,0,0,0,0,0,1,1,1,0,1,0,0,0,0,0,0,0,1,1,1,1,1,0,0,30.7583,34.95
1004328,3039557,Israel,UP,UP,0,0,0,0,0,1,1,1,0,1,0,0,0,0,0,0,0,1,1,1,1,1,0,0,30.7583,34.95
1004328,3039568,Israel,UP,UP,0,0,0,0,0,1,1,1,1,1,0,0,0,0,0,0,0,1,1,1,1,1,0,0,30.7583,34.95
1004340,3012808,Egypt,UP,UP,1,0,0,0,0,0,1,1,0,0,0,0,0,0,0,0,0,0,0,1,1,1,0,0,28.7083,33.9083
1004351,3013441,Jordan,UP,UP,0,0,0,0,0,1,1,1,1,1,1,0,0,0,0,0,0,1,1,1,1,1,0,0,30.8506,35.9225
1004351,3013452,Jordan,UP,UP,0,0,0,0,0,1,1,1,1,1,0,0,0,0,0,0,0,1,1,1,1,1,0,0,30.8506,35.9225
1004351,3013463,Jordan,UP,UP,0,0,0,0,0,1,1,1,1,1,0,0,0,0,0,0,0,1,1,1,1,1,0,0,30.8506,35.9225
1004362,3012831,Jordan,UP,UP,0,0,0,0,0,1,1,1,0,1,0,0,0,0,0,0,0,1,1,1,1,0,0,0,30.8844,35.9053
1004373,3012842,Jordan,UP,UP,0,0,0,0,0,1,1,1,1,1,0,0,0,0,0,0,0,1,1,1,1,1,0,0,30.8494,35.9228
1004384,3012853,Jordan,UP,UP,0,0,0,0,0,1,1,1,0,1,0,0,0,0,0,0,0,1,1,1,1,1,0,0,30.8533,35.9206
1004395,3012864,Jordan,UP,UP,0,0,0,0,0,1,1,1,0,1,0,0,0,0,0,0,0,1,1,1,1,1,0,0,30.8544,35.8546
1004410,3012886,Jordan,UP,UP,0,0,0,0,0,1,1,1,1,1,0,0,0,0,0,0,0,1,1,1,1,1,0,0,30.8356,35.9339
1004410,3014176,Jordan,UP,UP,0,0,0,0,0,1,1,1,1,1,0,0,0,0,0,0,0,1,1,1,1,1,0,0,30.8356,35.9339
1004432,3013027,Syrian Arab Republic,UP,UP,0,0,0,0,0,1,1,1,0,1,0,0,0,0,0,0,1,1,1,1,1,1,0,0,33.9667,36.6667
1004432,3013038,Syrian Arab Republic,UP,UP,0,0,0,0,0,1,1,1,0,1,0,0,0,0,0,0,1,1,1,1,1,1,0,0,33.9667,36.6667
1004432,3013061,Syrian Arab Republic,UP,UP,0,0,0,0,0,1,1,1,1,1,0,0,0,0,0,0,0,0,0,1,1,1,0,0,33.9667,36.6667
1004432,3013072,Syrian Arab Republic,UP,UP,0,0,0,0,0,1,1,1,1,1,0,0,0,0,0,0,0,0,0,1,1,1,0,0,33.9667,36.6667
1004432,3013083,Syrian Arab Republic,UP,UP,0,0,0,0,0,1,1,1,1,1,0,0,0,0,0,0,0,0,0,1,1,1,0,0,33.9667,36.6667
1004432,3013094,Syrian Arab Republic,UP,UP,0,0,0,0,0,1,1,1,1,1,0,0,0,0,0,0,0,0,0,1,1,1,0,0,33.9667,36.6667
1004443,3013108,Israel,UP,UP,0,0,0,0,0,1,1,1,1,0,0,0,0,0,0,0,0,0,0,1,1,1,0,0,32.9333,35.1944
1004443,3014017,Israel,MP (HS),MP,0,0,1,0,0,1,1,1,0,1,0,0,0,0,0,0,1,1,1,1,0,0,0,0,32.9333,35.1944
1004443,3014040,Israel,MP (HS),MP,0,0,1,0,0,1,1,1,0,1,0,0,0,0,0,0,1,1,1,1,0,0,0,0,32.9333,35.1944
1004443,3019506,Israel,MP (HS),MP,0,0,0,0,0,1,1,1,0,1,0,0,0,0,0,0,1,1,1,1,0,0,0,0,32.9333,35.1944
1004454,3013119,Israel,UP,UP,0,0,0,0,0,1,1,1,1,1,0,0,0,0,0,0,0,0,0,1,1,1,0,0,32.6208,34.95
1004454,3013164,Israel,UP,UP,0,0,0,0,0,1,1,1,1,1,0,0,0,0,0,0,0,0,0,1,1,1,0,0,32.6208,34.95
1004454,3014752,Israel,MP,MP,0,0,0,0,0,1,1,1,0,1,0,0,0,0,0,0,1,1,1,1,0,0,0,0,32.6208,34.95
1004465,3013131,Israel,UP,UP,0,0,0,0,0,1,1,1,1,1,0,0,0,0,0,0,0,0,0,1,1,1,0,0,32.75,35.0944
1004465,3039960,Israel,UP,UP,0,0,0,0,0,1,1,1,0,1,0,0,0,0,0,0,1,1,1,1,1,0,0,0,32.75,35.0944
1004476,3013142,Israel,UP,UP,0,0,0,0,0,1,1,1,1,1,0,0,0,0,0,0,0,0,0,1,1,1,0,0,31.3833,35.2375
1004502,3013197,Israel,UP,UP,0,0,0,0,0,1,1,1,1,1,0,0,0,0,0,0,0,0,0,1,1,1,0,0,31.6667,35.3292
1004580,3013278,Israel,UP,UP,0,0,0,0,0,1,1,1,1,1,0,0,0,0,0,0,0,0,0,1,1,1,0,0,30.9667,34.5333
1004616,3013337,Israel,UP,UP,0,0,0,0,0,1,1,1,1,1,0,0,0,0,0,0,0,0,0,1,1,1,0,0,32.975,35.1833
1004661,3013382,Israel,UP,UP,0,0,0,0,0,1,1,1,1,1,0,0,0,0,0,0,0,0,0,1,1,1,0,0,30.7167,34.8833
1004672,3013393,Israel,UP,UP,0,0,0,0,0,1,1,1,1,1,0,0,0,0,0,0,0,0,0,1,1,1,0,0,30.932,34.56
1004683,3013407,Israel,UP,UP,0,0,0,0,0,1,1,1,1,1,0,0,0,0,0,0,0,0,0,1,1,1,0,0,30.9083,34.536
1004719,3013430,Jordan,UP,UP,0,0,0,0,0,1,1,1,1,1,0,0,0,0,0,0,0,1,1,1,1,1,0,0,31.9917,37.3417
1004720,3013474,Jordan,UP,UP,0,0,0,0,0,1,1,1,1,1,0,0,0,0,0,0,0,1,1,1,1,1,0,0,30.8708,35.9149
1004720,3014187,Jordan,UP,UP,0,0,0,0,0,1,1,1,1,1,0,0,0,0,0,0,0,1,1,1,1,1,0,0,30.8708,35.9149
1004801,3013876,Jordan,UP,UP,0,0,0,0,0,1,1,1,0,0,0,0,0,0,0,0,0,1,1,1,1,1,0,0,29.775,35.45
1004801,3014198,Jordan,UP,UP,0,0,0,0,0,1,1,1,0,0,0,0,0,0,0,0,0,1,1,1,1,1,0,0,29.775,35.45
1004823,3013614,Lebanon,UP,MUP,0,0,0,0,0,1,1,1,0,1,0,1,0,0,0,0,1,1,1,1,1,0,0,0,34,35.65
1004823,3014464,Lebanon,UP,MUP,0,0,0,0,0,1,1,1,0,1,0,1,0,0,0,0,1,1,1,1,1,0,0,0,34,35.65
1004834,3013740,Israel,UP,MUP,0,0,0,0,0,1,1,1,0,1,0,0,0,0,0,0,1,1,1,1,1,0,0,0,31.5667,35.3
1004845,3013751,Israel,UP,MUP,0,0,0,0,0,1,1,1,0,1,0,0,0,0,0,0,1,1,1,1,1,0,0,0,30.8,34.9583
1004856,3013762,Jordan,UP,MUP,0,0,0,0,0,1,1,1,0,0,0,0,0,0,0,0,0,0,0,1,1,0,0,0,29.6833,35.5833
1004890,3013843,Israel,UP,UP,0,0,0,0,0,1,1,1,0,1,0,0,0,0,0,0,0,1,1,1,1,0,0,0,30.8,34.7917
1004904,3013865,Jordan,UP,UP,0,0,0,0,0,1,1,1,0,0,0,0,0,0,0,0,0,1,1,1,1,1,0,0,29.825,35.3333
1004915,3013887,Jordan,UP,UP,0,0,0,0,0,1,1,1,0,0,0,0,0,0,0,0,0,1,1,1,1,0,0,0,29.8417,35.375
1004926,3013898,Israel,UP,UP,0,0,0,0,0,1,1,1,1,1,0,0,0,0,0,0,0,0,0,1,1,1,0,0,32.7167,34.95
1004926,3014051,Israel,MP,MP,0,0,0,0,0,1,1,1,0,1,0,0,0,0,0,0,1,1,1,1,0,0,0,0,32.7167,34.95
1004993,3013991,Israel,UP,UP,0,0,0,0,0,1,1,1,1,1,0,0,0,0,0,0,0,0,0,1,1,1,0,0,32.2083,35.4333
1005008,3014006,Israel,UP,UP,0,0,0,0,0,1,1,1,1,1,0,0,0,0,0,0,0,0,0,1,1,1,0,0,31.1,34.4833
1005019,3014028,Israel,MP (HS),MP,0,0,1,0,0,1,1,1,0,1,1,0,0,0,0,0,1,1,1,1,0,0,0,0,31.4833,35.1833
1005020,3014039,Israel,MP (HS),MP,0,0,0,0,0,1,1,1,0,1,0,0,0,0,0,0,1,1,1,1,0,0,0,0,31.4833,35.1833
1005031,3014154,Jordan,MP (HS),MP,0,0,0,0,0,1,1,1,0,1,0,0,0,0,0,0,1,1,1,1,0,0,0,0,32.4042,35.6083
1005307,3014604,Syrian Arab Republic,MP (HS),MP,0,0,0,0,0,1,1,1,0,1,0,0,0,0,0,0,1,1,1,1,0,0,0,0,33.9667,36.6667
1005307,3014615,Syrian Arab Republic,MP (HS),MP,0,0,0,0,0,1,1,1,0,1,0,0,0,0,0,0,1,1,1,1,0,0,0,0,33.9667,36.6667
1005307,3014626,Syrian Arab Republic,MP (HS),MP,0,0,0,0,0,1,1,1,0,1,0,0,0,0,0,0,1,1,1,1,0,0,0,0,33.9667,36.6667
1005307,3014637,Syrian Arab Republic,MP (HS),MP,0,0,0,0,0,1,1,1,0,1,0,0,0,0,0,0,1,1,1,1,0,0,0,0,33.9667,36.6667
1005307,3014648,Syrian Arab Republic,MP,MP,0,0,0,0,0,1,1,1,0,1,0,1,0,0,0,0,1,1,1,1,0,0,0,0,33.9667,36.6667
1005307,3014659,Syrian Arab Republic,MP,MP,0,0,0,0,0,1,1,1,0,1,0,1,0,0,0,0,1,1,1,1,0,0,0,0,33.9667,36.6667
1005307,3014660,Syrian Arab Republic,MP,MP,0,0,0,0,0,1,1,1,0,1,0,1,0,0,0,0,1,1,1,1,0,0,0,0,33.9667,36.6667
1005307,3014671,Syrian Arab Republic,MP,MP,0,0,0,0,0,1,1,1,0,1,0,1,0,0,0,0,1,1,1,1,0,0,0,0,33.9667,36.6667
1005307,3014682,Syrian Arab Republic,MP,MP,0,0,0,0,0,1,1,1,0,1,0,1,0,0,0,0,1,1,1,1,0,0,0,0,33.9667,36.6667
1005307,3014707,Syrian Arab Republic,MP,MP,0,0,0,0,0,1,1,1,0,1,0,1,0,0,0,0,1,1,1,1,0,0,0,0,33.9667,36.6667
1005318,3014718,Syrian Arab Republic,MP (HS),MP,0,0,1,0,0,1,1,1,0,1,0,0,0,0,0,0,1,1,1,1,1,0,0,0,35.0472,38.3444
1005352,3014958,"Iran, Islamic Republic of",MP,MUP,0,0,1,0,0,1,1,1,0,1,0,1,0,0,0,0,1,1,1,1,0,0,0,0,33.4433,48.3539
1005363,3014969,Iraq,MP,MP,0,0,1,0,0,1,1,1,0,1,0,1,0,0,0,0,1,1,1,1,0,0,0,0,36.8136,44.2611
1005363,3015074,Iraq,UP,UP,0,0,0,0,0,1,1,1,0,1,0,0,0,0,0,0,0,0,0,0,1,1,0,0,36.8136,44.2611
1005374,3014970,"Iran, Islamic Republic of",MP,MP,0,0,1,0,0,1,0,1,0,1,0,0,0,0,0,0,1,1,1,1,0,0,0,0,34.4428,47.2505
1005374,3014981,"Iran, Islamic Republic of",MP,MP,0,0,1,0,0,1,0,1,0,1,0,0,0,0,0,0,1,1,1,1,0,0,0,0,34.4428,47.2505
1005374,3014992,"Iran, Islamic Republic of",MP,MP,0,0,1,0,0,1,0,1,0,1,0,0,0,0,0,0,1,1,1,1,0,0,0,0,34.4428,47.2505
1005374,3015007,"Iran, Islamic Republic of",UP,UP,0,0,1,0,0,1,1,1,0,1,0,1,0,0,0,0,1,1,1,1,0,0,0,0,34.4428,47.2505
1005374,3015018,"Iran, Islamic Republic of",UP,UP,0,0,0,0,0,1,1,1,1,1,0,1,0,0,0,0,0,0,1,1,1,1,0,0,34.4428,47.2505
1005374,3015029,"Iran, Islamic Republic of",UP,UP,0,0,1,0,0,1,1,1,1,1,0,0,0,0,0,0,0,1,0,1,1,1,0,0,34.4428,47.2505
1005374,3015030,"Iran, Islamic Republic of",UP,UP,0,0,1,0,0,1,1,1,1,1,0,0,0,0,0,0,0,1,0,1,1,1,0,0,34.4428,47.2505
1005503,3015214,"Iran, Islamic Republic of",MP,MP,0,0,1,0,0,1,1,1,0,1,0,1,0,0,0,0,1,1,1,1,0,0,0,0,34.3903,47.4367
1005514,3015225,"Iran, Islamic Republic of",MP,MP,0,0,1,0,0,1,0,1,0,1,0,1,0,0,0,0,1,1,1,1,0,0,0,0,33.682,47.5729
1005525,3015236,Iraq,MP,MP,0,0,1,0,0,1,0,1,0,1,0,1,0,0,0,0,1,1,1,1,0,0,0,0,35.5016,45.2964
1005662,3015395,Azerbaijan,MP,MP,0,0,0,0,0,1,1,1,0,1,0,1,0,0,0,0,1,1,1,0,0,0,0,0,39.6117,46.9592
1005662,3017375,Azerbaijan,MP,MP,0,0,0,0,0,1,1,1,0,1,0,1,0,0,0,0,1,1,1,0,0,0,0,0,39.6117,46.9592
1005662,3017386,Azerbaijan,MP,MP,0,0,0,0,0,1,1,1,0,1,0,1,0,0,0,0,1,1,1,0,0,0,0,0,39.6117,46.9592
1005662,3017397,Azerbaijan,MP,MP,0,0,0,0,0,1,1,1,0,1,0,1,0,0,0,0,1,1,1,0,0,0,0,0,39.6117,46.9592
1005684,3015432,Russian Federation,UP,UP,0,0,0,1,0,1,0,0,0,1,0,0,0,1,0,0,0,0,0,0,1,1,0,0,54.6667,90.85
1005695,3081853,Russian Federation,UP,UP,0,0,1,1,0,1,0,1,0,1,0,0,0,0,0,0,0,0,0,0,1,1,0,0,55.9963,92.8093
1005695,3081864,Russian Federation,UP,UP,0,0,1,1,0,1,0,1,0,1,0,0,0,0,0,0,0,0,0,0,1,1,0,0,55.9963,92.8093
1005721,3015487,Russian Federation,UP,UP,0,0,1,0,0,1,0,0,0,0,0,0,0,0,0,0,0,0,0,0,1,1,0,0,54.0667,105.4833
1005743,3015502,Russian Federation,UP,UP,0,0,1,1,0,1,0,1,1,0,0,0,0,0,0,0,0,0,0,1,1,0,0,0,51.3942,84.6803
1005754,3015513,Russian Federation,UP,UP,0,0,0,0,0,1,0,1,1,0,0,0,0,0,0,0,0,0,0,0,0,1,0,0,51.3942,84.6803
1005754,3015524,Russian Federation,UP,UP,0,0,0,0,0,1,0,1,1,0,0,0,0,0,0,0,0,0,0,0,0,1,0,0,51.3942,84.6803
1005754,3037784,Russian Federation,MP,MP,0,0,0,0,0,1,0,0,0,0,0,0,0,0,0,0,0,0,0,0,0,0,0,0,51.3942,84.6803
1005754,3081473,Russian Federation,MP,MP,0,0,0,0,0,1,0,0,0,0,0,0,0,1,0,0,0,0,0,0,0,0,0,0,51.3942,84.6803
1005880,3015650,Russian Federation,UP,UP,0,0,0,1,0,1,0,0,0,0,0,0,0,0,0,0,0,0,0,0,1,1,0,0,53.5643,103.5391
1005880,3081875,Russian Federation,UP,UP,0,0,1,0,0,1,0,0,0,0,0,0,0,0,0,0,0,0,0,0,0,0,0,0,53.5643,103.5391
1005905,3049941,Georgia,MP,MP,0,0,1,0,0,1,1,1,0,1,0,0,0,0,0,0,1,1,1,0,0,0,0,0,42.271,42.8533
1005905,3049952,Georgia,MP,MP,0,0,1,0,0,1,1,1,0,1,0,0,0,0,0,0,1,1,1,0,0,0,0,0,42.271,42.8533
1005905,3054134,Georgia,MP,MP,0,0,1,0,0,1,1,1,0,1,0,0,0,0,0,0,1,1,1,0,0,0,0,0,42.271,42.8533
1005905,3054145,Georgia,MP,MP,0,0,1,0,0,1,1,1,0,1,0,0,0,0,0,0,1,1,1,0,0,0,0,0,42.271,42.8533
1005916,3015683,Russian Federation,UP,UP,0,0,0,1,0,1,0,1,1,1,0,1,0,0,0,0,0,0,0,1,1,1,0,0,52.992,103.4793
1005949,3015719,Russian Federation,UP,UP,0,0,0,0,0,1,0,1,0,0,0,1,0,1,0,0,0,0,0,0,1,0,0,0,50.7909,85.6027
1005972,3015742,Georgia,MP,MP,0,0,0,1,0,1,1,1,0,1,0,0,0,0,0,0,1,1,1,1,1,0,0,0,42.3422,43.3461
1005972,3045176,Georgia,MP,MP,0,0,0,1,0,1,1,1,0,1,0,0,0,0,0,0,1,1,1,1,1,0,0,0,42.3422,43.3461
1006009,3015775,Georgia,UP,UP,0,1,0,0,0,1,1,1,1,1,0,0,0,0,0,0,0,0,0,0,1,1,0,0,42.3114,43.3185
1006009,3018011,Georgia,UP,UP,0,0,0,0,0,1,1,1,1,1,0,0,0,0,0,0,0,0,0,0,1,1,0,0,42.3114,43.3185
1006010,3015786,Armenia,MP,MUP,0,0,1,0,0,1,1,1,0,1,0,1,0,1,0,0,1,1,1,0,0,0,0,0,40.2167,44.5
1006010,3036978,Armenia,MP,MP,0,0,1,0,0,1,1,1,0,1,0,1,0,1,0,0,1,1,1,0,0,0,0,0,40.2167,44.5
1006010,3036989,Armenia,MP,MP,0,0,1,0,0,1,1,1,0,1,0,1,0,1,0,0,1,1,1,0,0,0,0,0,40.2167,44.5
1006010,3050576,Armenia,MP,MP,0,0,1,0,0,1,1,1,0,1,0,1,0,1,0,0,1,1,1,0,0,0,0,0,40.2167,44.5
1006010,3050598,Armenia,MP,MP,0,0,1,0,0,1,1,1,0,1,0,1,0,1,0,0,1,1,1,0,0,0,0,0,40.2167,44.5
1006054,3015823,Uzbekistan,MP,MP,0,0,0,0,0,1,1,1,0,1,0,1,0,0,0,0,1,1,1,1,1,0,0,0,41.5688,70.1326
1006054,3015834,Uzbekistan,MP,MP,0,0,0,0,0,1,0,1,0,1,0,1,0,0,0,0,1,1,1,1,1,0,0,0,41.5688,70.1326
1006054,3015845,Uzbekistan,MP,MP,0,0,0,0,0,1,1,1,0,1,0,0,0,0,0,0,1,1,1,1,1,0,0,0,41.5688,70.1326
1006076,3015878,Uzbekistan,MP,MP,0,0,1,0,0,1,0,1,0,1,0,0,0,0,0,0,1,1,1,1,0,0,0,0,38.3223,67.1063
1006076,3038213,Uzbekistan,MP,MP,0,0,1,0,0,1,0,0,0,1,0,0,0,0,0,0,1,1,1,1,0,0,0,0,38.3223,67.1063
1006076,3038224,Uzbekistan,MP,MP,0,0,1,0,0,1,0,0,0,1,0,0,0,0,0,0,1,1,1,1,0,0,0,0,38.3223,67.1063
1006076,3038235,Uzbekistan,MP,MP,0,0,1,0,0,1,0,0,0,1,0,0,0,0,0,0,1,1,1,1,0,0,0,0,38.3223,67.1063
1006076,3038246,Uzbekistan,MP,MP,0,0,1,0,0,1,0,1,0,1,0,0,0,0,0,0,1,1,1,1,0,0,0,0,38.3223,67.1063
1006135,3015937,Russian Federation,UP,UP,0,1,0,0,0,1,1,0,0,1,0,1,0,1,0,0,0,0,0,0,1,1,0,0,53.5795,103.4234
1006135,3015948,Russian Federation,UP,UP,0,1,0,0,0,1,1,0,0,1,0,1,0,1,0,0,0,0,0,0,1,1,0,0,53.5795,103.4234
1006205,3016019,Russian Federation,UP,MUP,0,0,0,1,0,1,0,0,0,1,0,0,0,0,0,0,0,1,0,1,1,0,0,0,51.7477,108.2913
1006205,3016031,Russian Federation,UP,MUP,0,1,0,1,0,1,0,1,0,1,0,0,0,0,0,0,0,0,0,0,1,0,0,0,51.7477,108.2913
1006261,3020555,Russian Federation,UP,UP,0,1,0,0,0,1,0,0,0,0,0,0,0,0,0,0,0,0,0,1,1,1,0,0,55.1329,91.4791
1006331,3020658,Russian Federation,UP,UP,0,1,0,0,0,1,1,0,1,0,0,0,0,0,0,0,0,1,0,0,1,0,0,0,52.1497,109.7217
1006331,3020669,Russian Federation,UP,UP,0,0,0,1,0,1,0,1,0,1,0,0,0,0,0,0,0,1,0,0,1,0,0,0,52.1497,109.7217
1006331,3020670,Russian Federation,UP,MUP,0,0,0,0,0,1,0,0,0,1,0,0,0,0,0,0,0,1,1,0,0,0,0,0,52.1497,109.7217
1006331,3020681,Russian Federation,MP,MP,0,0,0,1,0,1,0,0,0,0,0,0,0,0,0,0,0,0,0,0,0,0,0,0,52.1497,109.7217
1006412,3050255,Georgia,MP,MUP,0,0,0,0,0,1,1,1,0,1,0,0,0,0,0,0,1,1,1,0,1,0,0,0,42.5167,43.6333
1006412,3050266,Georgia,MP,MP,0,0,0,0,0,1,1,1,0,1,0,0,0,0,0,0,1,1,1,0,1,0,0,0,42.5167,43.6333
1006423,3050325,Georgia,MP,MP,0,0,0,0,0,1,1,1,0,1,0,0,0,0,0,0,1,1,1,0,1,0,0,0,42.5264,43.6382
1006423,3050451,Georgia,MP,MP,0,0,0,0,0,1,1,1,0,1,0,0,0,0,0,0,1,1,1,0,1,0,0,0,42.5264,43.6382
1006423,3050462,Georgia,MP,MP,0,0,0,0,0,1,1,1,0,1,0,0,0,0,0,0,1,1,1,0,1,0,0,0,42.5264,43.6382
1006423,3050473,Georgia,MP,MP,0,0,0,0,0,1,1,1,0,1,0,0,0,0,0,0,1,1,1,0,1,0,0,0,42.5264,43.6382
1006423,3050484,Georgia,MP,MP,0,0,0,0,0,1,1,1,0,1,0,0,0,0,0,0,1,1,1,0,1,0,0,0,42.5264,43.6382
1006423,3050495,Georgia,MP,MP,0,0,0,0,0,1,1,1,0,1,0,0,0,0,0,0,1,1,1,0,1,0,0,0,42.5264,43.6382
1006445,3016318,Russian Federation,UP,UP,0,0,0,1,0,1,0,0,0,1,0,0,0,1,0,0,0,0,0,1,0,0,0,0,50.6156,107.8257
1006456,3016329,Russian Federation,UP,UP,0,0,0,0,0,1,0,1,1,0,0,0,0,0,0,0,0,0,0,0,1,1,0,0,55.6659,109.3891
1006456,3016330,Russian Federation,UP,UP,0,0,0,0,0,1,0,1,1,0,0,0,0,0,0,0,0,0,0,0,1,1,0,0,55.6659,109.3891
1006490,3050613,Armenia,MP,MP,0,0,0,0,0,1,1,1,0,1,0,1,0,0,0,0,1,1,1,0,0,0,0,0,40.3569,44.6025
1006515,3016396,Russian Federation,UP,UP,0,0,0,0,0,1,0,1,1,1,0,0,0,1,0,0,0,0,0,1,1,1,0,0,54.5801,105.2484
1006526,3016400,Russian Federation,UP,MUP,0,0,1,0,0,1,0,0,0,1,0,0,0,0,0,0,0,0,0,0,1,0,0,0,54.5746,105.2372
1006537,3016422,Russian Federation,UP,UP,0,0,1,1,0,1,0,0,0,1,0,0,0,0,0,0,0,0,0,0,1,0,0,0,54.171,89.5177
1006548,3016477,Russian Federation,UP,UP,0,0,0,0,0,1,0,1,0,1,0,1,1,0,0,0,0,1,0,1,1,1,0,0,52.8518,103.5154
1006560,3017490,Russian Federation,UP,UP,0,0,0,1,0,1,0,0,0,0,0,0,0,1,0,0,0,0,0,0,0,0,0,0,66.8539,63.8169
1006593,3020197,Russian Federation,UP,UP,0,1,0,0,0,1,0,1,0,1,0,1,0,0,0,0,0,0,0,0,1,0,0,0,51.3959,110.6461
1006593,3020201,Russian Federation,UP,UP,0,0,0,0,0,1,0,0,1,0,0,0,0,0,0,0,0,0,0,0,1,1,0,0,51.3959,110.6461
1006593,3020212,Russian Federation,UP,unknouwn,0,1,0,1,0,1,1,0,0,0,0,0,0,0,0,0,0,0,0,0,1,0,0,0,51.3959,110.6461
1006744,3016695,Georgia,UP,UP,0,0,0,0,0,1,1,1,1,1,0,0,0,0,0,0,0,0,0,0,1,1,0,0,42.3112,43.2624
1006744,3018033,Georgia,UP,UP,0,0,0,0,0,1,1,1,1,1,0,0,0,0,0,0,0,0,0,0,1,1,0,0,42.3112,43.2624
1006744,3018044,Georgia,UP,UP,0,0,1,0,0,1,1,1,0,1,0,0,0,0,0,0,0,0,1,0,1,0,0,0,42.3112,43.2624
1006744,3018055,Georgia,UP,UP,0,0,1,0,0,1,1,1,0,1,0,0,0,0,0,0,0,0,1,0,1,0,0,0,42.3112,43.2624
1006744,3018066,Georgia,UP,MUP,0,0,1,0,0,1,1,1,0,1,0,0,0,0,0,0,0,0,1,0,1,0,0,0,42.3112,43.2624
1006744,3018538,Georgia,MP,MUP,0,0,1,0,0,1,1,1,0,1,0,0,0,0,0,0,1,1,1,0,0,0,0,0,42.3112,43.2624
1006744,3018549,Georgia,MP,MUP,0,0,1,0,0,1,1,1,0,1,0,0,0,0,0,0,1,1,1,0,0,0,0,0,42.3112,43.2624
1006744,3018550,Georgia,MP,MUP,0,0,1,0,0,1,1,1,0,1,0,0,0,0,0,0,1,1,1,0,0,0,0,0,42.3112,43.2624
1006803,3016754,Russian Federation,UP,UP,0,1,0,0,0,1,0,0,0,0,0,0,0,0,0,0,0,1,0,0,1,0,0,0,50.2089,107.3296
1006803,3016765,Russian Federation,UP,MUP,0,0,0,0,0,1,0,0,0,0,0,0,0,0,0,0,0,0,0,0,0,0,0,0,50.2089,107.3296
1006803,3016776,Russian Federation,UP,MUP,0,0,0,0,0,1,0,0,0,0,0,0,0,0,0,0,0,0,0,0,0,0,0,0,50.2089,107.3296
1006803,3016787,Russian Federation,UP,MUP,0,0,0,0,0,1,0,0,0,0,0,0,0,0,0,0,0,0,0,0,0,0,0,0,50.2089,107.3296
1006803,3016798,Russian Federation,UP,MUP,0,0,0,0,0,1,0,0,0,0,0,0,0,0,0,0,0,0,0,0,1,0,0,0,50.2089,107.3296
1006847,3016835,Georgia,MP,MP,0,0,1,0,0,1,1,1,0,1,0,0,0,0,0,0,1,1,1,0,0,0,0,0,42.256,42.9262
1006870,3037728,Russian Federation,UP,UP,0,0,0,0,0,1,0,0,0,1,0,0,0,0,0,0,0,1,0,0,1,1,0,0,52.1289,109.4458
1006870,3037739,Russian Federation,UP,UP,0,0,0,0,0,1,0,0,0,1,0,0,0,0,0,0,0,1,0,0,1,1,0,0,52.1289,109.4458
1006870,3037740,Russian Federation,MP,MP,0,0,0,0,0,1,0,0,0,1,0,0,0,0,0,0,0,1,0,0,0,0,0,0,52.1289,109.4458
1006870,3037751,Russian Federation,MP,MP,0,0,0,0,0,1,0,0,0,1,0,0,0,0,0,0,0,1,0,0,0,0,0,0,52.1289,109.4458
1006962,3038659,Tajikistan,UP,UP,0,0,0,0,0,1,1,0,1,1,0,0,0,0,0,0,0,0,0,0,1,1,0,0,38.5833,70.3167
1006962,3038660,Tajikistan,UP,UP,0,0,0,0,0,1,1,0,1,1,0,0,0,0,0,0,0,1,1,0,1,1,0,0,38.5833,70.3167
1006962,3038671,Tajikistan,MP,MP,0,0,0,0,0,1,1,0,0,1,0,0,0,0,0,0,0,1,1,0,1,1,0,0,38.5833,70.3167
1006962,3038682,Tajikistan,MP,MP,0,0,0,0,0,0,1,0,0,0,0,0,0,0,0,0,0,1,1,0,1,0,0,0,38.5833,70.3167
1006973,3016961,Russian Federation,UP,UP,0,1,1,1,0,1,1,1,1,1,0,0,0,1,0,0,0,0,1,1,1,1,0,0,52.0167,113.5167
1006973,3020452,Russian Federation,UP,UP,0,0,1,1,0,1,0,0,0,1,0,0,1,0,0,0,0,0,0,0,0,0,0,0,52.0167,113.5167
1006973,3020474,Russian Federation,UP,UP,0,1,0,0,0,1,0,1,0,1,0,0,1,0,0,0,0,0,0,1,0,0,0,0,52.0167,113.5167
1007022,3017043,Russian Federation,UP,UP,0,0,0,0,0,1,0,0,0,0,0,0,0,1,0,0,0,0,0,0,1,1,0,0,55.0598,91.0888
1007055,3017076,Russian Federation,UP,UP,0,0,1,1,0,1,0,1,0,1,0,0,0,0,0,0,0,1,0,0,0,0,0,0,51.212,109.3215
1007055,3017087,Russian Federation,UP,MUP,0,1,1,1,0,1,0,1,0,1,0,0,0,0,0,0,0,1,0,0,0,0,0,0,51.212,109.3215
1007147,3017205,Russian Federation,UP,UP,0,0,1,0,0,1,0,0,0,0,0,0,0,0,0,0,0,0,0,0,0,0,0,0,58.2833,100.3167
1007169,3017238,Russian Federation,UP,UP,0,0,0,0,0,1,0,0,0,1,0,0,0,0,0,0,0,1,1,0,0,0,0,0,51.6667,108.1806
1007169,3037717,Russian Federation,MP,MUP,0,0,0,0,0,1,0,0,0,0,0,0,0,0,0,0,0,0,1,0,0,0,0,0,51.6667,108.1806
1007170,3017249,Russian Federation,UP,UP,0,0,1,0,0,1,0,0,0,0,0,0,0,0,0,0,0,0,0,0,0,0,0,0,52.3037,104.3021
1007192,3017261,Russian Federation,UP,UP,0,0,0,0,0,1,0,0,0,0,0,0,0,1,0,0,0,0,0,0,0,0,0,0,58.1569,56.925
1007251,3017342,Azerbaijan,MP,MP,0,0,0,0,0,1,1,1,0,1,0,1,0,0,0,0,1,1,1,0,0,0,0,0,41.1429,45.2151
1007321,3017917,Russian Federation,MP,MP,0,0,0,0,0,1,0,0,0,0,0,0,0,0,0,0,0,0,0,0,1,0,0,0,51.3977,84.6761
1007321,3041596,Russian Federation,UP,MUP,0,0,0,0,0,1,0,0,0,1,0,0,0,0,0,0,1,0,1,0,1,0,0,0,51.3977,84.6761
1007321,3041600,Russian Federation,MP,MP,0,0,1,1,0,1,0,0,0,0,0,0,0,0,0,0,0,0,1,0,0,0,0,0,51.3977,84.6761
1007321,3041611,Russian Federation,UP,UP,0,0,1,1,0,1,0,0,0,0,0,0,0,0,0,0,0,0,0,0,1,0,0,0,51.3977,84.6761
1007321,3041622,Russian Federation,UP,UP,0,0,0,0,0,1,0,0,0,1,0,0,0,1,0,0,0,0,0,0,1,0,0,0,51.3977,84.6761
1007321,3041633,Russian Federation,UP,UP,0,0,0,0,0,1,0,0,1,0,0,0,0,0,0,0,0,0,0,0,0,1,0,0,51.3977,84.6761
1007321,3044485,Russian Federation,MP,MP,0,0,0,0,0,1,0,0,0,1,0,0,0,0,0,0,1,0,0,0,1,0,0,0,51.3977,84.6761
1007321,3044496,Russian Federation,MP,MP,0,0,0,0,0,1,0,0,0,0,0,0,0,0,0,0,1,0,1,0,0,0,0,0,51.3977,84.6761
1007479,3018077,Georgia,MP,MP,0,0,1,0,0,1,1,1,0,1,0,0,0,0,0,0,1,1,1,0,0,0,0,0,42.2833,42.75
1007479,3018088,Georgia,MP,MP,0,0,1,0,0,1,1,1,0,1,0,0,0,0,0,0,1,1,1,0,0,0,0,0,42.2833,42.75
1007479,3018099,Georgia,MP,MP,0,0,1,0,0,1,1,1,0,1,0,0,0,0,0,0,1,1,1,0,0,0,0,0,42.2833,42.75
1007479,3018103,Georgia,MP,MP,0,0,1,0,0,1,1,1,0,1,0,0,0,0,0,0,1,1,1,0,0,0,0,0,42.2833,42.75
1007479,3050211,Georgia,MP,MP,0,0,1,0,0,1,1,1,0,1,0,0,0,0,0,0,1,1,1,0,0,0,0,0,42.2833,42.75
1007479,3050222,Georgia,MP,MP,0,0,1,0,0,1,1,1,0,1,0,0,0,0,0,0,1,1,1,0,0,0,0,0,42.2833,42.75
1007778,3018778,Russian Federation,UP,UP,0,1,0,0,0,1,0,0,0,1,0,0,0,1,0,0,0,0,0,0,0,0,0,0,59.0121,56.1741
1008023,3019230,Russian Federation,UP,UP,0,0,0,1,0,1,0,0,0,1,0,0,0,0,0,0,0,0,0,0,0,1,0,0,53.5667,103.5306
1008078,3019609,Israel,UP,UP,0,0,0,0,0,1,1,1,1,1,0,0,0,0,0,0,0,1,1,1,1,1,0,0,30.7583,34.95
1008090,3019621,Israel,UP,UP,0,0,0,0,0,1,1,1,0,1,0,0,0,0,0,0,0,1,1,1,1,1,0,0,30.7583,34.95
1008104,3019698,Israel,UP,UP,0,0,0,0,0,1,1,1,0,1,0,0,0,0,0,0,0,1,1,1,1,1,0,0,30.6375,34.4222
1008148,3019735,Egypt,UP,UP,0,0,0,0,0,1,1,1,0,1,0,0,0,0,0,0,0,0,0,1,1,1,0,0,28.7083,33.9083
1008159,3019746,Egypt,UP,UP,0,0,0,0,0,0,1,1,0,0,0,0,0,0,0,0,0,0,0,0,1,0,0,0,28.7083,33.9083
1008252,3019919,Israel,UP,UP,0,0,0,0,0,1,1,1,1,1,0,0,0,0,0,0,0,0,0,1,1,1,0,0,30.8228,34.7639
1008263,3019920,Israel,UP,UP,0,0,0,0,0,1,1,1,1,1,0,0,0,0,0,0,0,0,0,1,1,1,0,0,30.8312,34.7732
1008296,3040344,Russian Federation,UP,MUP,0,0,1,0,0,1,0,0,0,0,0,0,0,0,0,0,0,0,0,0,0,0,0,0,42.8606,133.0158
1008300,3020049,Russian Federation,UP,UP,0,0,0,0,0,1,0,0,0,0,0,0,0,0,0,0,0,0,0,0,0,0,0,0,63.1497,133.9148
1008300,3020061,Russian Federation,UP,UP,0,0,0,0,0,1,0,0,0,0,0,0,0,0,0,0,0,0,0,0,0,1,0,0,63.1497,133.9148
1008300,3020072,Russian Federation,UP,unknouwn,0,0,0,0,0,0,0,0,0,0,0,0,0,0,0,0,0,0,0,0,0,1,0,0,63.1497,133.9148
1008333,3020131,Russian Federation,UP,UP,0,0,0,0,0,1,0,0,0,0,0,0,0,1,0,0,0,0,0,0,0,1,0,0,60.05,133.8833
1008333,3020142,Russian Federation,UP,UP,0,0,0,0,0,1,0,0,0,0,0,0,0,1,0,0,0,0,0,0,0,1,0,0,60.05,133.8833
1008333,3020153,Russian Federation,UP,UP,0,0,0,0,0,1,0,0,0,0,0,0,0,1,0,0,0,0,0,0,0,1,0,0,60.05,133.8833
1008333,3045372,Russian Federation,UP,UP,0,0,1,0,0,1,0,0,0,0,0,0,0,1,0,0,1,0,0,0,1,1,0,0,60.05,133.8833
1008344,3020164,Russian Federation,UP,UP,0,0,1,1,0,1,0,1,0,1,0,0,0,1,0,1,0,0,0,0,1,1,0,0,51.9138,129.2863
1008366,3020267,Russian Federation,UP,unknouwn,0,1,1,1,0,1,0,0,0,1,0,0,0,0,0,0,0,0,0,1,0,0,0,0,70.7167,135.4167
1008366,3020278,Russian Federation,UP,unknouwn,0,1,1,1,0,1,0,0,0,1,0,0,0,0,0,0,0,0,0,1,0,0,0,0,70.7167,135.4167
1008366,3020289,Russian Federation,UP,unknouwn,0,1,1,1,0,1,0,0,0,1,0,0,0,0,0,0,0,0,0,1,0,0,0,0,70.7167,135.4167
1008366,3020290,Russian Federation,UP,UP,0,1,1,1,0,1,0,0,0,1,0,0,0,0,0,0,0,0,0,1,0,0,0,0,70.7167,135.4167
1008366,3020304,Russian Federation,UP,unknouwn,0,1,1,1,0,1,0,0,0,1,0,0,0,0,0,0,0,0,0,1,0,0,0,0,70.7167,135.4167
1008539,3037647,Russian Federation,MP,MP,0,0,0,0,0,1,0,0,0,0,0,0,0,0,0,0,1,1,1,0,0,0,0,0,50.786,85.5845
1008540,3041644,Russian Federation,MP,MP,0,0,0,1,0,1,0,0,0,0,0,0,0,0,0,0,0,0,0,0,0,0,0,0,50.7826,85.612
1008595,3081761,Russian Federation,UP,UP,0,0,1,1,0,1,0,1,0,1,0,0,0,1,0,0,0,0,0,0,1,1,0,0,55.9508,92.3292
1008595,3081772,Russian Federation,UP,UP,0,0,1,1,0,1,0,1,0,1,0,0,0,1,0,0,0,0,0,0,1,1,0,0,55.9508,92.3292
1008595,3081783,Russian Federation,UP,UP,0,0,1,1,0,1,0,1,0,1,0,0,0,1,0,0,0,0,0,0,1,1,0,0,55.9508,92.3292
1008595,3081794,Russian Federation,UP,UP,0,0,1,1,0,1,0,1,0,1,0,0,0,1,0,0,0,0,0,0,1,1,0,0,55.9508,92.3292
1008595,3081808,Russian Federation,UP,UP,0,0,1,1,0,1,0,1,0,1,0,0,0,1,0,0,0,0,0,0,1,1,0,0,55.9508,92.3292
1008595,3081819,Russian Federation,UP,UP,0,0,1,1,0,1,0,1,0,1,0,0,0,1,0,0,0,0,0,0,1,1,0,0,55.9508,92.3292
1008595,3081820,Russian Federation,UP,UP,0,0,1,1,0,1,0,1,0,1,0,0,0,1,0,0,0,0,0,0,1,1,0,0,55.9508,92.3292
1008595,3081831,Russian Federation,UP,UP,0,0,1,1,0,1,0,1,0,1,0,0,0,1,0,0,0,0,0,0,1,1,0,0,55.9508,92.3292
1008609,3020728,Russian Federation,MP,unknouwn,0,0,0,0,0,1,0,0,0,0,0,0,0,0,0,0,0,1,1,0,0,0,0,0,55.1328,91.4965
1008609,3044544,Russian Federation,MP,MP,0,0,0,0,0,1,0,0,0,0,0,0,0,0,0,0,0,1,0,0,0,0,0,0,55.1328,91.4965
1008698,3038187,Uzbekistan,MP,MP,0,0,1,0,0,1,0,0,0,1,0,0,0,0,0,0,0,1,1,1,1,0,0,0,39.9119,66.1136
1008698,3038257,Uzbekistan,MP,MP,0,0,1,0,0,1,0,1,0,1,0,0,0,0,0,0,0,1,1,1,1,0,0,0,39.9119,66.1136
1008698,3038453,Uzbekistan,MP,MP,0,0,1,0,0,1,0,1,0,1,0,1,0,0,0,0,0,1,1,1,1,0,0,0,39.9119,66.1136
1008698,3038464,Uzbekistan,MP,MP,0,0,1,0,0,1,0,1,0,1,0,0,0,0,0,0,0,1,1,1,1,0,0,0,39.9119,66.1136
1008698,3038475,Uzbekistan,MP,MP,0,0,1,0,0,1,0,0,0,1,0,0,0,0,0,0,0,1,1,1,1,0,0,0,39.9119,66.1136
1008713,3039890,Afghanistan,MP,MP,0,0,0,0,0,1,0,0,0,0,0,0,0,0,0,0,1,0,1,1,0,0,0,0,36.7167,69.6333
1008735,3084971,Pakistan,MP,MUP,0,0,1,0,0,1,0,1,0,1,1,0,1,0,0,0,1,1,1,0,0,0,0,0,34.4667,72.2
1008735,3084982,Pakistan,MP,MUP,0,0,1,0,0,1,0,1,0,1,1,0,0,0,0,0,1,1,1,0,0,0,0,0,34.4667,72.2
1008735,3084993,Pakistan,UP,UP,0,0,0,0,0,1,0,0,1,1,1,0,0,0,0,0,0,0,0,0,1,0,0,0,34.4667,72.2
1013560,3036451,India,UP,UP,0,0,0,0,0,1,0,1,0,1,1,0,0,0,0,0,0,0,0,1,0,0,0,0,15.3309,78.1296
1013560,3036462,India,UP,UP,0,0,0,0,0,1,0,1,1,1,0,0,0,0,0,0,0,0,0,1,0,0,0,0,15.3309,78.1296
1013607,3036521,India,MP,MP,0,0,1,0,0,1,0,0,0,0,0,0,0,0,0,0,0,0,1,0,1,0,0,0,22.9375,77.6117
1013607,3036532,India,UP,MUP,0,0,1,0,0,1,1,0,0,1,1,0,0,0,0,0,0,0,1,0,1,0,0,0,22.9375,77.6117
1013607,3085053,India,UP,UP,0,0,1,0,0,1,0,1,1,1,1,0,1,0,0,0,0,0,0,0,1,0,0,0,22.9375,77.6117
1013711,3036727,India,UP,UP,0,0,1,0,0,1,0,0,1,0,0,0,0,0,0,0,0,0,0,0,1,0,0,0,20.325,74.9786
1013711,3085019,India,UP,UP,0,0,1,0,0,1,0,1,1,1,1,0,0,0,0,0,1,0,0,0,1,0,0,0,20.325,74.9786
1013711,3085020,India,UP,UP,0,0,0,0,0,1,0,1,1,1,1,0,0,0,0,0,0,0,0,0,1,0,0,0,20.325,74.9786
1013951,3037599,Russian Federation,UP,unknouwn,0,0,1,1,0,1,0,0,0,0,0,0,0,0,0,0,0,0,0,1,1,0,0,0,43.9333,132.3167
1013951,3052176,Russian Federation,UP,unknouwn,0,0,0,1,0,1,0,0,0,0,0,0,0,0,0,0,0,0,0,0,1,0,0,0,43.9333,132.3167
1013951,3052187,Russian Federation,UP,unknouwn,0,0,0,1,0,1,0,0,0,0,0,0,0,0,0,0,0,0,0,0,1,0,0,0,43.9333,132.3167
1014332,3038279,Uzbekistan,UP,UP,0,0,0,0,0,1,0,1,1,0,0,0,0,0,0,0,0,0,0,1,1,1,0,0,41.5723,70.1636
1014332,3038280,Uzbekistan,UP,UP,0,0,1,0,0,1,0,0,1,0,0,0,0,0,0,0,0,0,0,1,1,1,0,0,41.5723,70.1636
1014332,3038291,Uzbekistan,UP,UP,0,0,0,0,0,1,0,1,1,0,0,0,0,0,0,0,0,0,0,1,1,1,0,0,41.5723,70.1636
1014332,3038305,Uzbekistan,UP,UP,0,0,0,0,0,1,0,0,1,0,0,0,0,0,0,0,0,0,0,1,1,1,0,0,41.5723,70.1636
1016079,3041563,Russian Federation,UP,UP,0,0,0,0,0,1,0,0,0,0,0,0,0,0,0,0,0,0,0,0,0,0,0,0,51.2,86.1833
1016079,3041714,Russian Federation,UP,unknouwn,0,0,0,0,0,1,0,0,0,0,0,0,0,0,0,0,0,1,0,0,0,0,0,0,51.2,86.1833
1016079,3041725,Russian Federation,UP,unknouwn,0,0,0,0,0,1,0,0,0,0,0,0,0,0,0,0,0,1,0,0,0,0,0,0,51.2,86.1833
1016079,3041736,Russian Federation,MP,MP,0,0,0,0,0,1,0,0,0,0,0,0,0,0,0,0,0,0,1,0,0,0,0,0,51.2,86.1833
1016080,3041574,Russian Federation,MP,MP,0,0,0,1,0,1,0,0,0,0,0,0,1,0,0,0,0,0,1,0,0,0,0,0,51.4243,83.0957
1016080,3081392,Russian Federation,MP,MP,0,0,0,0,0,1,0,0,0,0,0,0,1,0,0,0,0,0,1,0,0,0,0,0,51.4243,83.0957
1016080,3081406,Russian Federation,MP,MP,0,0,0,0,0,1,0,0,0,0,0,0,1,0,0,0,0,0,1,0,0,0,0,0,51.4243,83.0957
1016080,3081417,Russian Federation,MP,MP,0,0,0,0,0,1,0,0,0,0,0,0,1,0,0,0,0,1,1,0,0,0,0,0,51.4243,83.0957
1016080,3081428,Russian Federation,MP,MP,0,0,0,0,0,1,0,0,0,0,0,0,0,0,0,0,0,0,1,0,0,0,0,0,51.4243,83.0957
1016105,3041703,Russian Federation,UP,unknouwn,0,0,0,0,0,1,0,0,0,0,0,0,0,0,0,0,0,0,0,0,0,0,0,0,51.2,86.1833
1016426,3042298,"Korea, Republic of",UP,UP,1,1,1,1,0,1,0,0,0,0,1,0,0,0,0,0,0,0,0,1,1,0,0,0,37.7697,127.0875
1016426,3042302,"Korea, Republic of",UP,UP,1,1,1,1,0,1,0,1,1,0,0,0,0,0,0,0,0,0,0,1,1,1,0,0,37.7697,127.0875
1016770,3043026,"Korea, Republic of",UP,UP,1,0,1,0,0,1,0,0,0,1,1,0,0,0,0,0,0,0,0,0,0,1,0,0,38.1944,127.2944
1016806,3043082,"Korea, Republic of",UP,UP,1,0,1,0,0,0,0,0,0,1,0,0,0,0,0,0,0,0,0,1,0,1,0,0,37.6842,127.8614
1016806,3043118,"Korea, Republic of",MP,MP,0,0,1,1,0,1,0,0,0,0,0,0,0,0,0,0,0,0,0,0,0,0,0,0,37.6842,127.8614
1016806,3043093,"Korea, Republic of",UP,UP,1,0,1,1,0,1,1,0,0,1,0,0,0,0,0,0,0,0,0,0,0,0,0,0,37.6842,127.8614
1016806,3043107,"Korea, Republic of",MP,MP,0,0,1,1,0,0,0,0,0,0,0,0,0,0,0,0,0,0,0,0,0,0,0,0,37.6842,127.8614
1016839,3043163,"Korea, Republic of",MP,MP,0,0,1,0,0,0,0,0,0,0,0,0,1,0,0,0,0,0,0,0,0,0,0,0,36.9969,128.3559
1016839,3043174,"Korea, Republic of",MP,MP,0,0,1,0,0,0,0,0,0,0,0,0,1,0,0,0,0,0,0,0,0,0,0,0,36.9969,128.3559
1016839,3043185,"Korea, Republic of",UP,UP,0,0,1,0,0,0,0,0,0,0,0,0,0,0,0,0,0,0,0,1,0,0,0,0,36.9969,128.3559
1016839,3043196,"Korea, Republic of",UP,UP,0,0,0,0,0,1,0,0,0,0,0,0,1,0,0,0,0,0,0,0,0,0,0,0,36.9969,128.3559
1016851,3043244,"Korea, Republic of",UP,MUP,1,0,1,0,0,1,0,1,0,1,0,0,0,0,0,0,0,0,0,0,0,0,0,0,36.9619,128.3311
1016851,3043255,"Korea, Republic of",MP,MP,0,0,1,0,0,1,0,0,0,0,0,0,0,0,0,0,0,0,0,1,0,0,0,0,36.9619,128.3311
1016909,3043314,"Korea, Republic of",UP,MUP,1,0,1,1,0,1,0,0,0,1,0,0,0,0,0,0,0,0,0,1,0,0,0,0,37.2333,127.3333
1017036,3043510,"Korea, Republic of",UP,UP,0,0,0,0,0,1,0,0,0,0,0,0,0,0,0,0,0,0,0,1,0,0,0,0,36.6664,127.4948
1017036,3043521,"Korea, Republic of",MP,MP,1,0,1,0,0,1,0,0,0,0,0,0,1,0,0,0,0,0,0,0,0,0,0,0,36.6664,127.4948
1017069,3043554,"Korea, Republic of",MP,MP,1,0,1,1,1,1,0,0,0,1,0,0,0,0,0,0,0,0,0,1,0,0,0,0,36.4475,127.4535
1017069,3043565,"Korea, Republic of",MP,MP,1,0,1,1,1,1,0,0,0,0,1,0,0,0,0,0,0,0,0,1,1,0,1,0,36.4475,127.4535
1017069,3043576,"Korea, Republic of",UP,UP,1,0,1,1,0,1,0,0,0,1,1,0,0,0,0,0,0,0,0,1,1,0,0,0,36.4475,127.4535
1017069,3043587,"Korea, Republic of",UP,UP,1,0,1,0,0,1,1,0,0,0,0,0,0,0,0,0,0,0,0,0,0,1,0,0,36.4475,127.4535
1017117,3043808,"Korea, Republic of",MP,MP,0,0,1,1,1,1,0,0,0,1,0,0,1,0,0,0,0,0,0,1,0,0,0,0,35.1166,127.4269
1017117,3043819,"Korea, Republic of",MP,MP,1,0,1,1,1,1,0,0,0,0,0,0,0,0,0,0,0,0,0,1,0,0,0,0,35.1166,127.4269
1017117,3043820,"Korea, Republic of",MP,MP,0,0,1,0,0,0,0,0,0,0,0,0,0,0,0,0,0,0,0,0,0,0,0,0,35.1166,127.4269
1017117,3043831,"Korea, Republic of",MP,MP,1,0,1,1,1,1,0,1,0,1,0,0,0,0,0,0,0,0,0,1,1,0,0,0,35.1166,127.4269
1017128,3043842,"Korea, Republic of",UP,UP,1,0,1,0,0,1,0,0,0,0,0,0,0,0,0,0,0,0,0,1,0,0,0,0,35.1654,127.9907
1017139,3043853,"Korea, Republic of",UP,UP,1,0,1,0,0,1,0,0,0,0,0,0,0,0,0,0,0,0,0,0,0,0,0,0,36.3333,128.5
1017139,3043864,"Korea, Republic of",MP,MP,1,0,1,1,0,0,0,0,0,0,0,0,0,0,0,0,0,0,0,0,0,0,0,0,36.3333,128.5
1017139,3043875,"Korea, Republic of",MP,MP,0,0,1,0,0,1,0,0,0,0,0,0,0,0,0,0,0,0,0,0,0,0,0,0,36.3333,128.5
1017151,3043897,"Korea, Republic of",UP,UP,1,0,0,1,0,1,0,0,0,0,0,0,0,0,0,0,0,0,0,0,0,0,1,0,35.1804,129.1727
1017162,3043901,"Korea, Republic of",UP,UP,1,0,0,0,0,1,0,0,0,1,0,0,1,0,0,0,0,0,0,1,1,1,0,0,35.1779,129.1671
1017209,3043956,"Korea, Republic of",UP,UP,1,0,1,1,1,1,1,1,0,0,1,0,1,0,0,0,0,0,0,1,0,0,0,0,34.9133,127.2725
1017221,3044005,"Korea, Republic of",UP,UP,1,0,1,1,0,1,0,0,0,1,0,0,0,0,0,0,0,0,0,1,0,0,0,0,36.4017,127.8267
1017221,3044016,"Korea, Republic of",UP,UP,1,0,1,0,0,0,0,0,0,0,0,0,0,0,0,0,0,0,0,0,0,0,0,0,36.4017,127.8267
1017243,3044038,"Korea, Republic of",UP,UP,1,0,0,0,0,1,0,1,0,0,0,0,0,0,0,0,0,0,0,0,1,1,0,0,35.8167,128.5444
1017254,3044049,"Korea, Republic of",UP,UP,0,0,1,0,0,1,0,1,0,1,1,0,0,0,0,0,0,0,0,1,1,1,0,0,36.8097,128.3361
1017298,3044131,"Korea, Republic of",UP,UP,0,0,0,0,0,1,0,0,0,0,0,0,0,0,0,0,0,0,0,0,0,0,0,0,36.926,127.1078
1017298,3044142,"Korea, Republic of",MP,MP,1,0,1,1,1,1,0,0,0,0,0,0,0,0,0,0,0,0,0,1,0,0,0,0,36.926,127.1078
1017298,3044153,"Korea, Republic of",MP,MP,1,0,1,1,1,1,0,0,0,0,1,0,0,0,0,0,0,0,0,1,0,0,0,0,36.926,127.1078
1017324,3044201,"Korea, Republic of",UP,UP,1,0,1,0,0,1,1,0,0,0,0,0,0,0,0,0,0,0,0,0,0,0,0,0,37.9,127.6833
1017324,3044212,"Korea, Republic of",UP,UP,0,0,1,1,0,1,0,0,0,0,0,0,0,0,0,0,0,0,0,0,0,0,0,0,37.9,127.6833
1017324,3044223,"Korea, Republic of",MP,MP,0,0,1,1,0,1,0,0,0,0,0,0,0,0,0,0,0,0,0,0,0,0,0,0,37.9,127.6833
1017324,3044234,"Korea, Republic of",MP,MP,1,0,1,1,0,1,0,0,0,0,0,0,1,0,0,0,0,0,0,1,0,0,0,0,37.9,127.6833
1017346,3044256,"Korea, Republic of",UP,UP,1,0,0,0,0,1,0,0,0,1,1,0,0,0,0,0,0,0,0,1,1,0,0,0,35.6472,127.2228
1017405,3045693,China,MP,MP,1,1,1,1,1,1,0,1,0,1,0,0,1,0,0,0,0,0,1,1,0,0,0,0,39.6878,115.9259
1017416,3045707,China,UP,UP,0,1,0,0,0,1,0,0,0,0,0,0,0,0,0,0,0,0,0,0,0,0,0,0,39.6884,115.9251
1017472,3045752,China,MP,MUP,0,0,1,0,0,1,0,0,0,0,0,0,0,0,0,0,0,0,0,0,0,0,0,0,39.9167,118.6667
1017483,3045763,China,UP,UP,0,0,0,0,0,1,1,1,1,1,0,0,0,0,0,1,0,0,0,1,1,1,0,0,40.2333,114.6833
1017520,3045800,China,MP,MP,0,0,1,1,0,1,0,0,0,1,0,0,0,0,0,0,0,0,0,0,0,0,0,0,34.7028,110.2644
1017531,3045811,China,MP,MP,0,0,0,0,0,1,0,0,0,1,0,0,0,0,0,0,0,0,0,0,0,0,0,0,35.3333,111.6667
1017575,3045855,China,MP,MP,0,1,1,1,1,1,0,0,0,1,0,0,0,0,0,0,0,0,1,0,1,0,0,0,40.1001,113.9781
1017612,3045899,China,MP,MP,0,0,1,0,0,1,0,0,0,1,0,0,0,0,0,0,0,0,1,0,0,0,0,0,37.5833,112.1667
1017645,3045925,China,UP,UP,0,1,1,1,0,1,0,0,0,1,0,0,0,0,0,0,0,0,0,0,0,0,0,0,39,113.5833
1017656,3045936,China,UP,UP,0,1,0,1,0,1,0,1,0,1,0,0,0,0,0,0,0,0,0,0,0,0,0,0,40.1,113.2
1017678,3045958,China,UP,UP,0,0,0,0,0,1,1,0,0,0,0,0,0,0,0,0,0,0,1,0,1,0,0,0,37.6167,112.85
1017704,3080058,China,UP,UP,0,1,0,0,0,1,0,1,0,1,0,0,0,0,0,0,0,0,0,0,1,0,0,0,39.4031,112.3514
1017726,3046007,China,UP,UP,0,0,1,0,0,1,1,0,0,1,0,0,0,0,0,0,0,0,0,0,0,0,0,0,35.5,112.4
1017737,3046018,China,UP,UP,0,1,0,0,0,1,1,1,0,1,0,0,0,0,0,0,0,0,0,0,1,0,0,0,35.5,112.25
1017748,3046029,China,UP,UP,0,0,0,0,0,1,1,0,0,1,0,0,0,0,0,0,0,0,0,0,0,0,0,0,35.5,112.4
1017759,3046030,China,UP,UP,0,0,0,0,0,1,0,0,0,1,0,0,0,0,0,0,0,0,0,0,0,0,0,0,35.5,112.4
1017818,3046096,China,UP,UP,0,0,0,0,1,1,0,0,0,1,0,0,0,0,0,0,0,1,0,0,0,0,0,0,40.05,111.5833
1017829,3046100,China,MP,MP,0,1,1,0,0,1,0,1,0,1,0,0,0,0,0,0,0,0,1,0,0,0,0,0,40.9378,111.9828
1017829,3085754,China,MP,MP,0,0,0,0,0,1,0,0,0,1,0,0,0,0,0,0,0,0,0,0,0,0,0,0,40.9378,111.9828
1017874,3046155,China,UP,UP,0,1,1,0,0,0,0,0,0,0,0,0,0,0,0,0,0,0,0,0,0,0,0,0,40.2469,124.1181
1017900,3046188,China,MP,MP,0,1,1,1,0,1,0,0,0,1,0,0,0,0,0,0,0,0,0,0,0,0,0,0,41.25,124.8333
1017911,3046199,China,UP,UP,0,0,0,0,0,1,1,1,0,0,0,0,0,0,0,0,0,0,0,0,1,0,0,0,41.25,119.5
1017922,3046203,China,UP,UP,0,0,0,0,0,1,0,0,0,0,0,0,0,0,0,0,0,0,0,0,0,0,0,0,39.6875,122.0331
1017933,3079940,China,UP,UP,1,1,1,1,1,1,0,1,0,1,0,0,0,0,0,0,0,0,1,0,0,0,0,0,40.5794,122.9739
1017933,3079995,China,UP,UP,0,1,1,1,1,1,0,1,0,1,0,0,0,0,0,1,0,0,0,0,1,0,0,0,40.5794,122.9739
1017933,3080014,China,MP,MUP,0,0,0,0,0,0,0,0,0,0,0,0,0,0,0,0,1,0,0,0,0,0,0,0,40.5794,122.9739
1017944,3046225,China,UP,UP,0,0,0,0,0,0,0,0,0,0,0,0,0,0,0,0,0,0,1,0,0,0,0,0,44.7167,126.35
1017966,3046247,China,UP,UP,0,0,0,0,0,1,0,0,0,0,0,0,0,0,0,0,0,1,0,0,0,0,0,0,45.7167,126.5667
1017977,3046258,China,UP,UP,0,0,0,0,0,1,0,0,0,0,0,0,0,0,0,0,0,0,0,0,1,0,0,0,52.4274,125.481
1018004,3046281,China,UP,UP,0,0,1,0,0,1,0,0,0,0,0,0,0,0,0,0,0,0,0,0,0,0,0,0,45.6167,126.3167
1018037,3046317,China,MP,MP,1,0,1,0,0,1,0,0,0,0,0,0,1,0,0,0,0,0,0,0,0,0,0,0,28.85,115.5833
1018048,3046328,China,UP,UP,0,0,1,0,0,1,0,1,0,1,0,0,0,1,0,0,0,0,0,0,0,0,0,0,35.1,119.4
1018093,3046373,China,UP,UP,0,1,1,1,0,1,0,0,0,1,0,0,0,0,0,0,0,0,0,0,0,0,0,0,35.5,119.55
1018118,3046395,China,MP,MP,0,0,1,0,1,0,0,0,0,0,0,0,1,0,0,0,0,0,0,0,0,0,0,0,34.75,111.25
1018141,3046421,China,MP,MP,0,0,1,0,0,0,0,0,0,0,0,0,0,0,0,0,0,0,0,0,0,0,0,0,34.3,110.7
1018163,3046443,China,UP,UP,0,0,1,1,0,0,0,0,0,0,0,0,0,0,0,0,0,0,0,0,0,0,0,0,34.3,110.7
1018266,3046546,China,UP,UP,0,1,1,0,0,1,0,0,0,1,0,0,0,0,0,0,0,0,0,0,0,0,0,0,32.0333,110.75
1018299,3046579,China,MP,MP,0,0,1,1,0,1,0,0,0,0,0,0,0,0,0,0,0,0,0,0,0,0,0,0,30.2167,111.45
1018303,3046580,China,MP,MP,1,0,0,0,0,0,0,0,0,0,0,0,1,0,0,0,0,0,0,0,0,0,0,0,24.6741,113.5796
1018314,3046591,China,UP,UP,1,0,1,0,0,1,0,0,0,0,0,0,0,0,0,1,0,0,0,0,0,0,0,0,22.1167,111.0833
1018336,3046616,China,UP,UP,0,0,1,0,0,1,0,0,0,0,0,0,0,0,0,0,0,0,0,0,0,0,0,0,24.2086,109.4311
1018336,3080483,China,UP,UP,1,0,1,0,0,1,0,1,0,1,0,0,0,0,0,0,0,0,0,0,0,0,0,0,24.2086,109.4311
1018336,3080494,China,UP,UP,0,0,1,0,0,1,0,0,0,0,0,0,0,0,0,0,0,0,0,0,0,0,0,0,24.2086,109.4311
1018347,3046627,China,UP,UP,0,0,1,0,0,0,0,0,0,0,0,0,0,0,0,0,0,0,0,0,0,0,0,0,23.6667,109.0833
1018369,3046649,China,UP,UP,0,0,1,0,0,1,0,0,0,0,0,0,0,0,0,1,0,0,0,0,0,0,0,0,25.3,110.25
1018370,3046650,China,UP,UP,0,0,1,0,0,1,0,0,0,0,0,0,0,0,0,0,0,0,0,0,0,0,0,0,22.4,107.5
1018406,3046683,China,UP,UP,0,0,1,0,0,1,0,0,0,1,0,0,0,0,0,0,0,0,0,0,0,0,0,0,29.3333,102.4
1018428,3046708,China,UP,UP,0,0,1,0,0,1,0,1,0,1,0,0,0,0,0,0,0,0,0,0,0,0,0,0,29.9833,104.9667
1018451,3080450,China,MP,MP,1,0,0,0,0,1,0,0,0,1,0,0,0,0,0,0,0,0,0,0,0,0,0,0,26.8333,104.8333
1018532,3046812,China,UP,UP,0,0,0,0,0,1,0,0,0,0,0,0,0,0,0,0,0,0,1,0,0,0,0,0,24.7,103.2
1018543,3046823,China,UP,UP,0,0,1,0,0,1,0,0,0,0,0,0,0,0,0,0,0,0,0,0,0,0,0,0,24.8167,102.8167
1018554,3046834,China,UP,UP,0,0,1,1,0,1,0,0,0,1,0,0,0,0,0,0,0,0,0,0,0,0,0,0,25.8,101.8333
1018587,3046867,China,UP,UP,0,0,1,0,0,1,0,0,0,1,0,0,0,0,0,0,0,0,0,0,0,0,0,0,25.6,101.9
1018598,3046878,China,UP,UP,0,0,1,0,0,1,0,0,0,1,0,0,0,0,0,0,0,0,0,0,0,0,0,0,25.6,101.9
1018749,3047020,China,MP,MP,0,0,0,0,0,1,0,0,0,1,0,0,0,0,0,0,0,0,0,0,0,0,0,0,35.25,107.8333
1018750,3047031,China,MP,MP,0,0,1,0,0,1,0,0,0,0,0,0,1,0,0,0,0,0,1,0,0,0,0,0,34.1,109.3
1018761,3047042,China,MP,MP,0,0,1,0,0,1,0,0,0,1,0,0,0,0,0,0,0,0,0,0,0,0,0,0,34.75,110.6667
1018819,3047097,China,MP,MUP,0,0,1,0,0,1,0,0,0,1,0,0,0,0,0,0,0,0,0,0,0,0,0,0,35.3667,107.6833
1018820,3047101,China,UP,UP,0,1,0,0,1,1,0,0,0,1,0,0,0,0,0,0,0,0,0,0,0,0,0,0,35.3,107.6667
1018831,3047112,China,MP,MP,0,0,0,0,1,1,0,0,0,1,0,0,0,0,0,0,0,0,0,0,0,0,0,0,35.6333,107.5333
1018842,3047123,China,MP,MUP,1,1,1,1,1,1,0,1,0,0,0,0,0,0,0,1,0,0,0,0,0,0,0,0,36.4833,102.1
1018853,3047134,China,UP,UP,0,0,0,1,1,1,0,0,0,0,0,0,0,0,0,0,0,0,0,0,0,0,0,0,35.6,107.0667
1018875,3047156,China,UP,UP,0,0,1,0,0,0,0,0,0,0,0,0,0,0,0,0,0,0,0,0,0,0,0,0,35.4167,92.3
1018901,3047189,China,UP,UP,0,0,0,0,0,1,0,0,0,0,0,0,0,0,0,0,0,0,0,0,0,0,0,0,35.1667,94.1667
1018912,3085813,China,UP,MUP,0,0,1,0,0,1,1,1,0,1,0,0,0,0,0,0,0,1,1,0,1,0,0,0,38.2987,106.5019
1018934,3047215,China,MP,MP,0,0,0,0,0,1,0,0,0,0,0,0,0,0,0,0,0,0,0,0,0,0,0,0,39.6667,115.9167
1018945,3047226,China,MP,MP,0,1,0,0,0,1,0,0,0,1,0,0,0,0,0,0,0,0,0,0,0,0,0,0,39.6876,115.9254
1018956,3047237,China,UP,UP,0,1,0,0,0,1,0,0,0,1,0,0,0,0,0,0,0,0,0,0,0,0,0,0,39.6667,115.9167
1018990,3047271,China,UP,UP,0,0,1,0,0,1,0,0,0,0,0,0,0,0,0,0,0,0,1,0,0,0,0,0,40.5667,117.6667
1018990,3085237,China,UP,UP,1,0,1,0,0,0,0,1,0,0,0,0,0,0,0,0,0,0,0,0,0,0,0,0,40.5667,117.6667
1019038,3047318,China,UP,UP,0,0,0,0,0,1,1,1,0,1,0,0,0,0,0,1,0,0,0,0,1,1,0,0,39.8833,117.7833
1019049,3047329,China,MP,MUP,0,0,1,1,0,1,0,0,0,1,0,0,0,0,0,0,0,0,0,0,0,0,0,0,40.1244,114.2386
1019050,3047330,China,MP,MP,0,0,1,0,0,1,0,1,0,1,0,0,0,0,0,0,0,0,0,0,0,0,0,0,35.7358,111.4472
1019061,3047341,China,MP,MP,0,0,0,0,1,1,0,0,0,0,0,0,1,0,0,0,0,0,0,0,0,0,0,0,36.0833,111.1167
1019072,3047352,China,UP,UP,0,0,1,0,0,1,0,0,0,1,0,0,0,0,0,0,0,0,0,0,0,0,0,0,37.8833,112.25
1019094,3047374,China,MP,MP,0,0,1,0,0,1,0,0,0,1,0,0,0,0,0,0,0,0,0,0,0,0,0,0,35.6167,111.35
1019108,3047385,China,UP,UP,0,0,0,0,0,1,0,0,0,0,0,0,0,0,0,0,0,0,0,0,0,0,0,0,34.9167,110.5
1019175,3047455,China,MP,MP,0,0,1,0,0,1,0,0,0,1,0,0,0,0,0,0,0,0,0,0,0,0,0,0,35.829,111.4192
1019304,3047581,China,UP,UP,0,0,0,0,0,1,0,0,0,0,0,0,0,0,0,0,0,0,0,0,0,0,0,0,41.2,120.8333
1019359,3047639,China,UP,UP,0,1,1,0,0,0,0,0,0,0,0,0,0,0,0,0,0,0,0,0,0,0,0,0,40.9667,124.2
1019382,3047662,China,UP,UP,0,0,0,0,0,1,0,0,0,0,0,0,0,0,0,0,0,0,0,0,0,0,0,0,43.6833,125.25
1019407,3047684,China,UP,UP,0,0,1,0,0,1,0,0,0,1,0,0,0,0,0,0,0,0,0,0,0,0,0,0,44.7167,126.3333
1019430,3047710,China,UP,UP,0,0,1,0,0,1,0,0,0,1,0,0,0,0,0,0,0,0,0,0,0,0,0,0,53.3333,122.5
1019441,3047721,China,UP,UP,0,0,1,0,0,1,0,0,0,0,0,0,0,0,0,0,0,0,0,0,0,0,0,0,46.7833,134.0167
1019474,3047754,China,UP,UP,0,1,1,0,0,1,0,1,0,1,0,0,0,0,0,0,0,0,0,0,0,0,0,0,31.0367,120.2875
1019485,3047765,China,MP,MP,0,1,0,0,0,1,0,0,0,0,0,0,0,0,0,0,0,0,0,0,0,0,0,0,32.1006,119.0694
1019625,3047905,China,UP,UP,0,1,0,0,0,1,0,0,0,0,0,0,0,0,0,0,0,0,0,0,0,0,0,0,35.0833,118.25
1019658,3047938,China,MP,MP,0,0,1,0,1,0,0,0,0,0,0,0,0,0,0,0,0,0,0,0,0,0,0,0,35.2667,119.1667
1019681,3047961,China,UP,UP,0,0,1,0,1,1,0,0,0,1,0,0,0,0,0,0,0,0,0,0,0,0,0,0,35.5,117.6
1019728,3048009,China,UP,UP,0,0,1,0,0,1,0,0,0,0,0,0,0,0,0,0,0,0,0,0,0,0,0,0,34.6,118.3
1019762,3048043,China,MP,MP,0,0,1,1,0,1,0,0,0,0,0,0,0,0,0,0,0,0,0,0,0,0,0,0,34.6,112.4
1019795,3048076,China,UP,UP,0,1,1,0,0,1,0,1,0,1,0,0,0,0,0,0,0,0,0,0,0,0,0,0,36,114.0833
1019821,3048102,China,MP,MP,0,0,0,0,0,1,0,0,0,0,0,0,0,0,0,0,0,0,0,0,0,0,0,0,34.5,110.8333
1019832,3048113,China,UP,UP,0,1,1,1,0,1,0,1,0,1,0,0,0,0,0,0,0,0,0,0,0,0,0,0,33.1333,112
1019832,3085857,China,UP,UP,0,0,0,0,0,1,0,0,0,0,0,0,0,0,0,0,0,0,0,0,0,0,0,0,33.1333,112
1019935,3048216,China,UP,UP,0,0,0,0,0,1,0,0,0,1,0,0,0,0,0,0,0,0,0,0,0,0,0,0,34.5,110.8
1019946,3048227,China,MP,MP,0,1,1,0,1,1,0,0,0,1,0,0,0,0,0,0,0,0,0,0,0,0,0,0,34.0689,113.6798
1019946,3080302,China,UP,UP,0,1,1,0,1,1,0,0,0,1,0,0,0,0,0,0,0,0,0,0,0,0,0,0,34.0689,113.6798
1020010,3048294,China,MP,MP,0,0,0,1,0,0,0,0,0,1,0,0,1,0,0,0,0,0,0,0,0,0,0,0,32.0333,112.1667
1020098,3048375,China,MP,MP,0,0,1,0,0,1,0,0,0,0,0,0,1,0,0,0,0,0,0,0,0,0,0,0,29.6,111.3
1020102,3048386,China,MP,MP,0,0,1,0,0,0,0,0,0,0,0,0,1,0,0,0,0,0,0,0,0,0,0,0,27.3,109.1
1020283,3048560,China,UP,UP,0,0,1,0,0,1,0,0,0,1,0,0,0,0,0,0,0,0,0,0,1,0,0,0,26.6333,101.5833
1020386,3048663,China,MP,MP,1,0,1,0,0,1,0,0,0,0,0,0,0,0,0,0,0,0,0,0,0,0,0,0,25.05,104.9333
1020401,3048685,China,UP,UP,0,0,1,0,0,1,0,0,0,1,0,0,0,0,0,0,0,0,0,0,0,0,0,1,27.3535,105.019
1020401,3084432,China,UP,UP,0,1,1,0,0,1,0,0,0,1,0,0,0,0,0,0,0,0,0,0,0,0,0,0,27.3535,105.019
1020401,3084443,China,UP,UP,0,1,1,0,0,1,0,0,0,0,0,0,0,0,0,0,0,0,0,0,0,0,0,0,27.3535,105.019
1020401,3084454,China,UP,UP,0,1,0,0,0,1,0,0,0,1,0,0,0,0,0,0,0,0,0,0,0,0,0,0,27.3535,105.019
1020401,3084465,China,UP,UP,0,1,1,0,0,1,0,0,0,1,0,0,0,0,0,0,0,0,0,0,0,0,0,0,27.3535,105.019
1020401,3084487,China,UP,UP,0,1,1,0,0,1,0,0,0,1,0,0,0,0,0,0,0,0,0,0,0,0,0,0,27.3535,105.019
1020401,3084498,China,UP,UP,0,1,1,0,0,1,0,0,0,1,0,0,0,0,0,0,0,0,0,0,0,0,0,0,27.3535,105.019
1020456,3048733,China,UP,UP,1,0,1,0,0,1,0,0,0,1,0,0,0,0,0,0,0,0,0,0,0,0,0,0,26.8167,104.2167
1020504,3048788,China,UP,UP,1,0,1,0,0,1,0,0,0,0,0,0,1,0,0,1,0,0,0,0,0,0,0,0,23.888,99.0258
1020504,3087398,China,UP,MUP,1,0,1,0,0,1,0,0,0,0,0,0,1,0,0,1,0,0,0,0,0,0,0,0,23.888,99.0258
1020526,3048803,China,UP,UP,0,0,1,0,1,1,0,0,0,1,0,0,0,0,0,0,0,0,0,0,0,0,0,0,27.0833,100.3333
1020847,3049125,China,MP,MP,0,0,1,1,1,1,0,0,0,0,0,0,0,0,0,0,0,0,0,0,0,0,0,0,35.5833,107.3333
1020870,3049158,China,MP,MP,0,0,1,0,1,1,0,0,0,1,0,0,0,0,0,0,0,0,0,0,0,0,0,0,35.3,107.3833
1020917,3049192,China,UP,UP,1,1,1,0,0,1,0,0,0,0,0,0,0,0,0,0,0,0,0,0,0,0,0,0,23.3971,121.4767
1021011,3044625,Turkey,MP,MP,0,0,1,0,0,1,1,1,0,1,0,1,0,0,0,0,1,1,1,1,0,0,0,0,37.0667,30.55
1021011,3044636,Turkey,MP,MP,0,0,1,0,0,1,1,1,0,1,0,0,0,0,0,0,1,1,1,1,0,0,0,0,37.0667,30.55
1021011,3044647,Turkey,MP,MP,0,0,1,0,0,1,1,1,0,1,0,0,1,0,0,0,1,1,1,1,0,0,0,0,37.0667,30.55
1021262,3045257,Russian Federation,MP,MP,0,0,0,1,0,1,0,0,0,0,0,0,0,0,0,0,0,1,0,0,0,0,0,0,52.8422,103.5844
1021295,3045361,Russian Federation,UP,UP,0,0,0,0,0,1,0,1,0,1,0,0,0,1,1,1,0,0,0,0,1,1,1,0,46.7814,142.4814
1021295,3051212,Russian Federation,UP,UP,0,0,0,0,0,1,0,1,0,1,0,0,0,1,1,1,0,0,0,0,1,1,1,0,46.7814,142.4814
1021457,3045604,Malaysia,MP,MP,0,0,1,0,0,1,0,0,0,1,0,0,1,0,0,0,0,0,0,0,0,0,0,0,5.0571,100.9679
1021457,3051511,Malaysia,MP,MP,0,0,1,0,0,1,0,0,0,1,0,0,1,0,0,0,0,0,0,0,0,0,0,0,5.0571,100.9679
1021468,3051599,Thailand,UP,UP,0,0,0,0,0,1,0,0,0,0,0,0,0,0,0,1,0,0,0,0,0,0,0,0,8.1803,98.8803
1021468,3051603,Thailand,UP,UP,0,0,1,0,0,1,0,0,0,0,0,0,0,0,0,0,0,0,0,0,0,0,0,0,8.1803,98.8803
1021468,3051614,Thailand,UP,UP,0,0,1,0,0,0,0,0,0,0,0,0,0,0,0,0,0,0,0,0,0,0,0,0,8.1803,98.8803
1021480,3051810,Malaysia,UP,UP,0,0,1,0,0,1,0,0,0,0,0,0,0,0,0,1,0,0,0,0,0,0,0,0,3.1678,113.0953
1021491,3051924,Indonesia,UP,UP,0,1,0,1,0,1,1,0,0,1,0,0,0,0,0,0,0,0,0,0,0,0,0,0,-5.0036,119.6608
1021491,3051946,Indonesia,UP,UP,0,1,0,0,0,0,0,0,0,0,0,0,0,0,0,0,0,0,0,0,0,0,0,0,-5.0036,119.6608
1021491,3051935,Indonesia,UP,UP,0,1,0,0,0,0,0,0,0,0,0,0,0,0,0,0,0,0,0,0,0,0,0,0,-5.0036,119.6608
1021491,3051913,Indonesia,UP,UP,0,1,0,0,0,0,0,0,0,0,0,0,0,0,0,0,0,0,0,0,0,0,0,0,-5.0036,119.6608
1021491,3051957,Indonesia,UP,UP,0,0,0,0,0,1,1,0,0,1,0,0,0,0,0,0,0,0,0,0,0,0,0,0,-5.0036,119.6608
1021516,3051968,Viet Nam,UP,UP,0,0,1,0,0,1,0,0,0,1,0,0,1,0,0,1,0,0,0,0,0,0,0,0,21.7264,105.7436
1021538,3085570,Philippines,UP,UP,0,0,0,1,0,1,1,1,0,1,0,1,0,0,0,0,0,0,0,0,0,0,0,0,17.7067,121.8189
1021893,3052154,Timor-Leste,UP,UP,0,1,0,1,0,1,0,1,0,1,0,1,0,0,0,0,0,0,1,0,0,0,0,0,-8.4053,127.2758
1021996,3050233,Georgia,MP,MP,0,0,0,0,0,1,1,0,0,1,0,0,0,0,0,0,1,1,1,0,1,0,0,0,42.4769,43.6294
1022274,3052202,Russian Federation,MP,unknouwn,0,0,1,0,0,0,0,0,0,0,0,0,0,0,0,0,0,0,0,0,0,0,0,0,47.4309,142.662
1022274,3052213,Russian Federation,MP,unknouwn,0,0,1,0,0,1,0,0,0,0,0,0,0,0,0,0,0,0,0,0,0,0,0,0,47.4309,142.662
1034958,3053454,China,UP,UP,0,0,1,1,1,1,0,0,0,1,0,0,1,0,0,0,0,0,1,0,0,0,0,0,45.2167,115.3667
1034958,3053476,China,MP,MUP,0,0,1,1,0,1,0,1,0,1,0,0,0,0,0,0,0,0,0,0,0,0,0,0,45.2167,115.3667
1034958,3085503,China,UP,UP,1,0,1,0,0,1,0,1,0,1,0,0,0,0,0,0,0,0,1,0,0,0,0,0,45.2167,115.3667
1034958,3085514,China,MP,MUP,1,0,1,0,0,1,0,0,0,1,0,0,0,0,0,0,1,0,1,0,0,0,0,0,45.2167,115.3667
1034969,3085259,China,MP,MP,0,0,1,0,0,0,0,0,0,0,0,0,1,0,0,0,0,0,0,0,0,0,0,0,43.8,127.3333
1034981,3053524,China,UP,UP,0,0,1,0,0,1,0,1,0,1,0,0,0,0,0,0,0,0,0,0,0,0,0,0,43.15,126.6167
1034981,3053535,China,MP,MP,0,0,0,0,0,1,0,0,0,1,0,0,0,0,0,0,0,0,0,0,0,0,0,0,43.15,126.6167
1034992,3053546,China,MP,MP,1,0,1,0,0,0,0,0,0,1,0,0,0,0,0,0,0,0,0,0,0,0,0,0,29.8772,107.7181
1035007,3053557,China,MP,MP,1,0,1,0,0,0,0,0,0,1,0,0,0,0,0,0,0,0,0,0,0,0,0,0,30.6833,109.1167
1035018,3053568,China,MP,MP,0,0,0,0,0,0,0,0,0,0,0,0,0,0,0,0,0,0,1,0,0,0,0,0,39.8167,115.5167
1035063,3053627,China,MP,MP,0,0,0,1,0,1,0,0,0,0,0,0,0,0,0,0,0,0,0,0,0,0,0,0,40.1656,114.4792
1035384,3080209,China,MP,MP,0,0,0,0,0,1,0,0,0,0,0,0,0,0,0,0,0,0,0,0,0,0,0,0,34.7067,112.4794
1035395,3054385,China,UP,UP,0,1,0,0,0,1,0,1,0,0,0,0,0,0,0,0,0,0,0,0,0,0,0,0,39.9239,116.4244
1035395,3054396,China,UP,UP,0,1,0,0,0,1,1,1,0,0,0,0,0,0,0,0,0,0,0,0,0,0,0,0,39.9239,116.4244
1035409,3082201,China,UP,UP,0,1,1,0,0,1,0,0,1,0,0,0,0,0,0,0,0,0,0,0,0,0,0,0,38.2977,106.5027
1035410,3085684,China,UP,UP,1,1,1,0,0,1,0,0,0,1,0,0,0,0,0,0,0,0,1,0,0,0,0,0,38.2976,106.5058
1035432,3080047,China,MP,MP,0,0,0,0,0,1,0,1,0,0,0,0,0,0,0,0,0,0,0,0,0,0,0,0,37.7322,108.5328
1035443,3080069,China,UP,UP,0,0,0,0,0,1,1,1,0,1,0,0,0,0,0,0,0,0,0,0,0,0,0,0,37.7357,108.5389
1035454,3080070,China,MP,MP,0,1,0,0,0,1,0,0,0,0,0,0,0,0,0,0,0,0,0,0,0,0,0,0,37.7485,108.5402
1035487,3080140,China,UP,UP,0,1,1,0,0,1,0,0,0,1,0,0,0,0,0,0,0,0,1,0,0,0,0,0,37.235,113.8197
1035498,3080151,China,MP,MP,0,0,1,1,0,1,0,0,0,1,0,0,0,0,0,0,0,0,1,0,0,0,0,0,35.4417,112.0211
1035498,3083741,China,MP,MP,0,0,0,0,0,1,0,0,0,1,0,0,0,0,0,1,0,0,0,0,0,0,0,0,35.4417,112.0211
1035498,3083752,China,UP,UP,0,1,0,0,0,1,1,1,0,1,0,0,0,0,0,1,0,0,0,0,1,0,0,0,35.4417,112.0211
1035498,3087228,China,UP,UP,0,1,0,0,0,1,1,1,0,1,0,0,0,1,0,1,0,0,0,0,1,1,0,1,35.4417,112.0211
1035502,3080162,China,UP,UP,0,1,0,0,0,1,0,0,0,1,0,0,0,0,0,0,0,1,0,0,0,0,0,0,35.49,113.2328
1035513,3080173,China,UP,UP,0,1,1,0,0,1,0,0,0,1,0,0,0,0,0,0,0,0,0,0,0,0,0,0,34.6333,113.2167
1035513,3080184,China,MP,MUP,0,1,1,0,0,1,0,0,0,1,0,0,0,0,0,0,0,0,0,0,0,0,0,0,34.6333,113.2167
1035524,3080254,China,UP,UP,0,1,0,0,1,1,0,0,0,1,0,0,0,0,0,0,0,0,1,0,0,0,0,0,33.79,111.6078
1035524,3083154,China,MP,MUP,1,1,0,0,0,1,0,0,0,1,0,0,0,0,0,0,0,0,0,0,1,1,0,1,33.79,111.6078
1035535,3080265,China,MP,MP,0,1,0,1,0,1,0,0,0,0,0,0,0,0,0,0,0,0,0,0,0,0,0,0,33.7661,111.6969
1035546,3080324,China,UP,UP,0,0,0,0,0,1,0,0,0,0,0,0,0,0,0,0,0,0,0,0,0,0,0,0,35.1167,105.95
1035557,3080335,China,MP,MUP,0,0,0,0,0,1,0,0,0,1,0,0,0,0,0,0,0,0,0,0,0,0,0,0,36.3421,107.3628
1035568,3080346,China,MP,MUP,1,0,1,1,0,1,0,0,0,1,0,0,0,0,0,0,0,0,0,0,0,0,0,0,36.7667,107.8167
1035580,3080357,China,UP,UP,0,0,0,0,0,1,0,0,0,1,0,0,0,0,0,0,0,1,1,0,1,1,0,0,42.95,89.05
1035605,3080368,China,MP,MP,0,1,0,0,0,1,0,1,0,0,0,0,1,0,0,0,0,0,0,0,0,0,0,0,33.1286,110.2179
1035627,3080380,China,UP,UP,0,0,1,0,0,1,0,1,0,1,0,0,0,0,0,1,0,0,0,0,0,0,0,0,29.9333,106.0333
1035638,3080391,China,UP,UP,0,1,1,0,1,1,0,0,0,1,0,0,0,0,0,0,0,0,0,0,0,0,0,0,30.35,104.55
1035649,3080405,China,MP,MUP,0,0,1,0,0,1,0,1,0,1,0,1,0,0,0,0,0,0,0,0,0,0,0,0,26.8572,105.9686
1035649,3080416,China,MP,MP,0,0,1,0,0,1,0,0,0,1,0,1,1,0,0,0,0,0,0,0,0,0,0,0,26.8572,105.9686
1035650,3080737,China,UP,MUP,0,0,0,0,0,1,1,0,0,0,0,0,0,0,0,0,0,1,1,0,1,0,0,0,38.2608,106.5428
1035683,3080818,China,MP,MUP,1,0,0,0,0,1,0,1,0,1,0,0,0,0,0,0,0,0,0,0,0,0,0,0,30.3911,112.2164
1035683,3081059,China,MP,MP,0,0,1,0,0,1,0,0,0,0,0,0,1,0,0,0,0,0,0,0,0,0,0,0,30.3911,112.2164
1035720,3080896,China,UP,UP,0,0,1,0,0,1,0,1,0,1,0,0,0,0,0,0,0,0,0,0,0,0,0,0,37.5167,95.45
1035742,3080911,China,UP,UP,1,1,1,0,0,1,0,0,0,0,0,0,0,0,0,0,0,0,0,0,0,0,0,0,26.2703,117.4736
1035742,3080922,China,UP,UP,1,0,1,0,0,1,0,0,0,1,0,0,0,0,0,0,0,0,0,0,0,0,0,0,26.2703,117.4736
1035775,3086065,China,UP,UP,1,0,0,0,0,0,0,0,0,0,0,0,0,0,0,0,0,0,0,0,0,0,1,0,28.7363,117.1732
1035775,3086076,China,UP,UP,1,0,1,0,0,0,0,0,0,0,0,0,0,0,0,0,0,0,0,0,0,0,0,1,28.7363,117.1732
1035775,3086087,China,UP,UP,1,0,1,0,0,0,0,0,0,0,0,0,0,0,0,0,0,0,0,0,0,0,0,1,28.7363,117.1732
1035775,3086098,China,UP,UP,1,0,1,0,0,1,0,0,0,0,0,0,0,0,0,0,0,0,0,0,0,0,0,1,28.7363,117.1732
1035775,3086102,China,UP,UP,1,0,1,0,0,1,0,0,0,0,0,0,0,0,0,0,0,0,0,0,0,0,0,1,28.7363,117.1732
1035775,3086113,China,UP,UP,1,1,0,0,0,1,0,0,0,0,0,0,0,0,0,0,0,0,0,0,0,0,0,0,28.7363,117.1732
1035775,3086124,China,UP,UP,1,0,1,0,0,0,0,0,0,0,0,0,0,0,0,0,0,0,0,0,0,0,0,0,28.7363,117.1732
1035775,3086135,China,UP,UP,0,0,1,1,0,0,0,0,0,0,0,0,0,0,0,0,0,0,0,0,0,0,0,1,28.7363,117.1732
1035775,3086146,China,UP,UP,1,0,0,0,0,0,0,0,0,0,0,0,0,0,0,0,0,0,0,0,0,0,0,0,28.7363,117.1732
1035775,3086157,China,UP,UP,1,0,0,0,0,0,0,0,0,0,0,0,0,0,0,0,0,0,0,0,0,0,0,0,28.7363,117.1732
1035812,3081060,China,MP,MP,0,1,1,0,0,1,0,1,0,1,0,0,0,0,0,0,0,0,0,0,0,0,0,0,31.6667,110.4333
1035889,3081196,China,UP,UP,0,0,1,0,0,1,0,0,0,1,0,0,0,0,0,0,0,0,0,0,0,0,0,0,30.1667,104.5
1036204,3082452,India,MP,MP,0,0,1,0,0,1,0,1,0,1,1,0,0,0,0,0,0,0,0,0,0,0,0,0,15.3233,78.1301
1036237,3082485,"Korea, Republic of",UP,UP,1,0,1,1,0,1,1,0,0,1,0,0,0,0,0,0,0,0,0,0,0,0,0,0,37.9767,127.34
1036237,3082496,"Korea, Republic of",UP,UP,1,0,1,1,0,0,1,0,0,1,1,0,0,0,0,0,0,0,0,0,0,0,0,0,37.9767,127.34
1036237,3082500,"Korea, Republic of",UP,MUP,0,0,1,1,1,1,1,0,0,1,0,0,0,0,0,0,0,0,0,0,0,0,0,0,37.9767,127.34
1036318,3082566,China,UP,UP,0,1,0,0,0,0,0,0,0,0,0,0,0,0,0,0,0,0,0,0,0,0,0,0,34.2965,113.6921
1036318,3082577,China,UP,UP,0,1,0,0,0,0,0,0,0,0,0,0,0,0,0,0,0,0,0,0,0,0,0,0,34.2965,113.6921
1036318,3082588,China,UP,UP,0,1,0,0,0,1,0,0,0,1,0,0,0,0,0,0,0,0,0,0,1,0,0,0,34.2965,113.6921
1036329,3082599,China,MP,MUP,0,0,1,0,0,1,0,1,0,0,0,0,0,0,0,0,0,0,1,0,0,0,0,0,40.0591,117.4357
1036330,3082603,China,MP,MP,0,0,1,0,0,1,0,0,0,0,0,0,0,0,0,0,0,0,0,0,0,0,0,0,35.4972,119.5622
1036385,3082636,China,MP,MUP,0,1,1,1,0,1,0,0,0,1,0,0,0,0,0,0,0,0,0,0,0,0,0,0,34.4353,113.1394
1036433,3082647,China,UP,UP,1,1,1,0,0,1,0,1,0,0,0,0,0,0,0,0,0,0,0,0,0,1,0,0,38.2914,106.5175
1036444,3082658,China,UP,UP,1,1,0,0,0,1,0,1,0,1,0,0,0,0,0,0,0,0,0,0,0,1,0,0,36.0333,110.55
1036466,3082681,China,UP,UP,0,1,0,0,0,1,0,0,0,0,0,0,0,1,0,0,0,0,0,0,0,1,0,1,36.0483,110.5894
1036466,3082692,China,UP,UP,1,1,0,0,0,1,0,1,0,0,0,0,0,0,0,0,0,0,0,0,0,1,0,1,36.0483,110.5894
1036466,3083361,China,UP,UP,0,0,0,0,0,1,0,0,0,0,0,0,0,1,0,0,0,0,0,0,0,1,0,0,36.0483,110.5894
1036466,3083372,China,UP,UP,0,1,0,0,0,1,0,1,0,0,0,0,0,0,0,0,0,0,0,0,0,1,0,1,36.0483,110.5894
1036466,3083383,China,UP,UP,0,1,0,0,0,1,0,1,0,0,0,0,0,0,0,0,0,0,0,0,0,1,0,0,36.0483,110.5894
1036466,3083394,China,UP,UP,0,0,1,0,0,1,0,1,0,0,0,0,0,0,0,0,0,0,0,0,0,1,0,0,36.0483,110.5894
1036466,3083408,China,UP,UP,0,1,1,0,0,1,0,0,0,0,0,0,0,0,0,0,0,0,0,0,0,0,0,1,36.0483,110.5894
1036581,3082887,Russian Federation,UP,MUP,0,0,1,1,0,1,0,0,0,0,0,0,0,0,0,0,0,0,0,0,1,0,0,0,58.7942,100.9557
1036606,3082913,Russian Federation,UP,UP,0,0,0,1,0,1,0,0,1,0,0,0,0,0,0,0,0,0,0,0,0,1,0,0,51.714,102.6771
1036617,3082924,Russian Federation,UP,UP,0,0,1,1,0,1,0,0,0,0,0,1,0,0,0,0,0,0,0,0,0,1,0,0,51.674,101.8925
1036639,3082935,Indonesia,UP,UP,0,0,1,0,0,0,0,0,0,0,0,1,0,0,0,0,0,0,0,0,0,0,0,0,-0.0102,129.3878
1036673,3082968,China,UP,UP,0,0,1,0,0,1,0,0,0,0,0,0,0,0,0,0,0,0,0,0,0,0,0,0,32.8042,110.9592
1036684,3082979,Russian Federation,UP,UP,0,0,0,0,0,1,0,0,0,0,0,0,0,1,0,0,0,1,0,0,0,0,0,0,52.3786,109.8715
1036684,3082980,Russian Federation,UP,MUP,0,0,0,0,0,1,0,0,0,0,0,0,0,0,0,0,0,0,0,0,0,0,0,0,52.3786,109.8715
1036684,3082991,Russian Federation,UP,MUP,0,0,0,0,0,1,0,0,0,0,0,0,0,0,0,0,0,0,0,0,0,0,0,0,52.3786,109.8715
1036684,3083006,Russian Federation,UP,MUP,0,0,0,0,0,1,0,0,1,0,0,0,0,0,0,0,0,0,0,0,1,0,0,0,52.3786,109.8715
1036709,3083051,China,UP,UP,0,0,0,0,0,1,0,1,0,0,0,0,0,0,0,0,0,0,0,0,1,0,1,0,42.097,128.9633
1036710,3083062,China,UP,UP,0,1,1,0,0,1,1,0,0,1,0,0,0,0,0,0,0,0,0,0,1,0,0,0,40.1542,114.4611
1036721,3083110,China,UP,UP,1,1,0,0,0,1,0,0,0,1,0,0,0,0,0,0,0,0,0,0,0,0,0,0,35.0791,105.7969
1036721,3083121,China,UP,MUP,1,1,1,0,0,1,0,0,0,1,0,0,0,0,0,0,0,0,0,0,0,0,0,0,35.0791,105.7969
1036721,3083132,China,MP,MUP,1,0,1,1,0,1,0,0,0,1,0,0,0,0,0,0,0,0,0,0,0,0,0,0,35.0791,105.7969
1036721,3083143,China,MP,MUP,0,0,0,0,0,0,0,0,0,0,0,0,0,0,0,0,0,0,0,1,0,0,0,0,35.0791,105.7969
1036732,3083165,China,UP,UP,0,1,0,0,0,1,0,1,0,0,0,0,0,0,0,0,0,0,0,0,0,0,0,0,35.2808,106.0965
1036765,3083257,"Korea, Republic of",UP,UP,0,0,1,1,0,1,0,1,0,1,0,0,0,0,0,0,0,0,0,0,0,1,0,0,37.3519,127.3272
1036765,3083268,"Korea, Republic of",UP,UP,0,0,1,1,1,1,0,0,0,0,0,0,1,0,0,0,0,0,0,1,0,0,0,0,37.3519,127.3272
1036765,3087147,"Korea, Republic of",MP,MP,0,0,1,1,1,1,0,0,0,0,0,0,0,0,0,0,0,0,0,0,0,0,0,0,37.3519,127.3272
1036776,3083291,China,MP,MP,0,0,0,0,0,1,0,0,0,1,0,0,0,0,0,0,0,0,0,0,0,0,0,0,35.7833,120.0167
1036787,3083305,Viet Nam,UP,UP,0,0,1,0,0,0,0,0,0,0,0,0,1,0,0,1,0,0,0,0,0,0,0,0,20.4,105.2667
1036798,3083338,China,UP,UP,0,0,0,0,0,1,0,0,0,0,0,0,0,0,0,0,0,0,0,0,0,0,0,0,35.3067,105.955
1036798,3083349,China,UP,UP,0,0,0,0,0,1,0,1,0,0,0,0,0,0,0,0,0,0,0,0,0,0,0,0,35.3067,105.955
1036891,3083475,China,MP,MP,0,0,1,0,0,1,0,0,0,1,0,0,1,0,0,0,0,0,0,0,0,0,0,0,35.8354,111.4148
1036905,3083486,China,MP,MP,0,0,1,0,0,1,0,0,0,1,0,0,1,0,0,0,0,0,1,0,0,0,0,0,35.855,111.4257
1036916,3083497,China,MP,MP,0,0,1,0,0,1,0,0,0,1,0,0,1,0,0,0,0,0,1,0,0,0,0,0,35.8363,111.4148
1036927,3083501,China,MP,MP,0,0,1,0,0,1,0,0,0,1,0,0,1,0,0,0,0,0,1,0,0,0,0,0,35.8356,111.4158
1036938,3083512,China,MP,MP,0,0,1,0,0,1,0,0,0,0,0,0,1,0,0,0,0,0,0,0,0,0,0,0,35.8359,111.4166
1036949,3083523,China,MP,MP,0,0,1,0,0,1,0,0,0,1,0,0,0,0,0,0,0,0,0,0,0,0,0,0,35.8277,111.4188
1036950,3083534,China,MP,MP,0,0,1,0,0,1,0,0,0,1,0,1,1,0,0,0,0,0,1,0,0,0,0,0,35.8669,111.4105
1036972,3083545,China,MP,MP,0,0,1,0,0,1,0,0,0,1,0,0,1,0,0,0,0,0,1,0,0,0,0,0,35.8569,111.4149
1036983,3083567,China,MP,MP,0,0,1,0,0,1,0,0,0,1,0,0,1,0,0,0,0,0,1,0,0,0,0,0,35.8161,111.408
1037009,3083589,China,MP,MP,0,0,1,0,0,1,0,0,0,0,0,0,1,0,0,0,0,0,1,0,0,0,0,0,35.8408,111.4122
1037010,3083590,China,MP,MP,0,0,1,0,0,1,0,0,0,1,0,0,1,0,0,0,0,0,1,0,0,0,0,0,35.8408,111.4102
1037021,3083604,China,MP,MP,0,0,1,0,0,1,0,0,0,0,0,0,0,0,0,0,0,0,1,0,0,0,0,0,35.8668,111.4351
1037043,3083615,China,UP,UP,0,1,0,0,0,1,0,0,0,0,0,0,0,0,0,0,0,0,0,0,0,0,0,0,35.2983,105.9867
1037043,3083626,China,UP,UP,0,1,0,0,0,1,0,0,0,0,0,0,0,0,0,0,0,0,0,0,0,0,0,0,35.2983,105.9867
1037054,3083637,China,UP,UP,0,0,0,0,0,1,0,1,0,0,0,0,0,0,0,0,0,0,0,0,0,0,0,0,41.8264,123.5636
1037054,3083660,China,MP,MP,0,0,0,0,0,0,0,0,0,0,0,0,0,0,0,0,0,0,1,0,0,0,0,0,41.8264,123.5636
1037065,3083682,China,UP,UP,0,1,1,0,0,1,0,0,0,0,0,0,0,0,0,0,0,0,0,0,0,0,0,0,41.8286,123.5717
1037076,3083693,China,UP,UP,0,1,0,0,0,1,0,0,0,0,0,0,0,0,0,0,0,0,0,0,1,1,0,0,34.4398,113.22
1037076,3086607,China,UP,UP,0,0,0,0,0,1,0,1,0,0,0,0,0,0,0,0,0,0,0,0,0,0,0,0,34.4398,113.22
1037087,3083707,China,UP,UP,0,0,0,0,0,1,0,1,0,1,0,0,0,0,0,0,0,0,0,0,0,0,0,0,35.605,113.1672
1037098,3083718,China,UP,UP,0,0,1,0,0,1,0,0,0,1,0,1,0,0,0,0,0,0,1,0,0,0,0,0,35.5807,113.1588
1037113,3083763,China,UP,UP,0,0,0,0,0,1,0,1,0,1,0,0,1,0,0,0,0,0,0,0,1,0,0,0,35.4273,111.9671
1037135,3083785,China,MP,MP,1,0,1,0,0,1,0,0,0,1,0,0,1,0,0,0,0,0,0,0,0,0,0,0,32.8,110.9667
1037168,3083800,China,UP,UP,0,0,1,0,0,1,0,1,0,1,0,0,0,0,0,0,0,0,0,0,0,0,0,0,32.6789,111.1514
1037216,3083844,China,UP,UP,1,1,1,1,0,1,0,0,0,1,0,0,1,1,0,0,0,0,0,0,0,0,0,0,42.6938,128.1876
1037238,3083855,China,MP,MP,0,0,1,0,0,1,0,0,0,1,0,0,0,0,0,0,0,0,1,0,0,0,0,0,29.8789,107.7358
1037249,3084638,China,MP,MP,0,1,1,0,0,1,0,0,0,1,0,0,1,0,0,0,0,0,0,0,0,0,0,0,32.8089,110.5844
1037250,3083888,China,MP,MP,0,0,1,0,0,1,0,0,0,0,0,0,1,0,0,0,0,0,0,0,0,0,0,0,32.8181,110.8875
1037261,3083899,China,MP,MP,0,0,1,0,0,1,0,0,0,0,0,0,1,0,0,0,0,0,0,0,0,0,0,0,32.8116,110.8919
1037308,3084100,Viet Nam,UP,UP,0,0,1,0,0,1,0,1,0,0,0,0,0,0,0,1,0,0,0,0,0,0,0,0,20.8353,105.6522
1037331,3083969,China,UP,UP,0,1,1,0,0,1,0,0,0,1,0,0,0,0,0,0,0,0,0,0,0,0,0,0,25.5175,117.6539
1037342,3083981,China,UP,UP,1,0,1,1,0,1,0,0,0,1,0,0,1,0,0,0,0,0,0,0,0,0,0,0,29.5609,111.7559
1037353,3083992,China,MP,MP,0,0,1,0,0,1,0,1,0,1,0,0,1,0,0,0,0,0,0,0,1,0,0,0,29.4358,111.5495
1037423,3084247,China,MP,MP,1,0,1,0,0,1,0,0,0,0,0,0,0,0,0,0,0,0,0,0,0,0,0,0,28.8625,111.5372
1037434,3084258,China,UP,UP,0,0,1,0,0,1,0,1,0,0,0,0,0,0,0,0,0,0,1,0,0,0,0,0,29.7953,111.8345
1037445,3084269,China,MP,MP,0,0,1,0,0,1,0,0,0,0,0,0,1,0,0,0,0,0,1,0,0,0,0,0,34.1908,110.1369
1037456,3084270,"Korea, Republic of",UP,UP,0,0,1,0,0,0,0,0,0,0,0,0,0,0,0,0,0,0,0,1,0,0,0,0,37.29,127.6567
1037456,3084281,"Korea, Republic of",MP,MP,1,0,1,1,0,1,0,0,0,0,0,0,1,0,0,0,0,0,0,1,0,0,0,0,37.29,127.6567
1037456,3084328,"Korea, Republic of",MP,MP,1,0,1,0,0,1,0,0,0,0,0,0,1,0,0,0,0,0,0,0,0,0,0,0,37.29,127.6567
1037478,3084384,China,MP,MP,0,0,1,0,0,1,0,1,0,1,0,0,0,0,0,0,0,0,0,0,0,0,0,0,39.5859,109.761
1037490,3084409,China,MP,MP,1,0,1,0,0,1,0,0,0,0,0,0,1,0,0,0,0,0,0,0,0,0,0,0,30.0044,107.8483
1037504,3084410,China,MP,MP,1,0,1,0,0,1,0,0,0,0,0,0,1,0,0,0,0,0,0,0,0,0,0,0,29.9131,107.7406
1037537,3084502,China,UP,UP,0,1,0,0,0,1,0,1,0,0,0,1,0,0,0,0,0,0,0,0,0,0,0,0,36.6889,113.4278
1037548,3084513,China,MP,MP,1,0,1,0,0,1,0,0,0,0,0,0,0,0,0,0,0,0,0,0,0,0,0,0,26.2703,117.4936
1037559,3084524,China,UP,UP,1,0,1,0,0,1,0,0,0,0,0,0,0,0,0,0,0,0,0,0,0,0,0,0,26.2703,117.4936
1037618,3084742,China,UP,UP,0,1,1,0,0,1,0,1,0,1,0,0,0,0,0,0,0,0,0,0,1,1,0,0,47.7541,124.3319
1037629,3084764,"Korea, Republic of",UP,UP,1,0,1,1,1,1,0,1,0,1,0,0,0,0,0,0,0,0,0,1,0,0,0,0,35.6703,127.9269
1037630,3084775,China,UP,UP,0,0,1,0,0,1,0,0,0,0,0,0,1,0,0,0,0,0,0,0,0,0,0,0,27.4293,109.7094
1037641,3084786,China,UP,UP,0,0,1,0,0,1,0,0,0,0,0,0,0,0,0,0,0,0,0,0,0,0,0,0,29.6833,111.2333
1037652,3084823,China,UP,UP,0,0,1,0,0,1,0,0,0,1,0,0,0,0,0,0,0,0,0,0,0,0,0,0,29.6981,111.7819
1037711,3084867,China,UP,UP,1,0,0,0,0,1,0,1,0,1,0,0,0,0,0,1,0,0,0,0,0,0,0,0,32.6838,111.1089
1037733,3084878,"Korea, Republic of",UP,UP,0,0,0,0,0,1,0,0,0,0,0,0,0,0,0,0,0,0,0,0,0,0,0,0,37.6835,127.8842
1037733,3084889,"Korea, Republic of",UP,UP,0,0,1,1,0,1,0,0,0,0,0,0,0,0,0,0,0,0,0,1,0,0,0,0,37.6835,127.8842
1037733,3084890,"Korea, Republic of",UP,UP,0,0,1,1,0,1,0,0,0,0,0,0,0,0,0,0,0,0,0,1,0,0,0,0,37.6835,127.8842
1037744,3084904,China,MP,MP,0,0,1,0,0,1,0,0,0,0,0,0,0,0,0,0,0,0,0,0,0,0,0,0,40.1579,117.4289
1037755,3084915,China,UP,UP,1,0,1,0,0,1,0,0,0,0,0,0,0,0,0,0,0,0,0,0,0,0,0,0,23.7683,106.7381
1037755,3084926,China,UP,UP,0,0,1,0,0,1,0,0,0,0,0,0,0,0,0,0,0,0,0,0,0,0,0,0,23.7683,106.7381
1037777,3084959,China,UP,UP,1,1,1,0,0,1,0,0,0,1,0,0,0,0,0,0,0,0,0,0,0,0,0,0,31.068,119.7758
1037788,3084960,Afghanistan,UP,UP,1,0,0,0,0,1,0,0,1,0,0,0,0,0,0,0,0,0,0,1,0,0,0,0,36.0833,66.8333
1037799,3085008,India,MP,MP,0,0,1,0,0,1,0,0,0,1,1,0,0,0,0,0,0,0,1,0,0,0,0,0,27.2033,74.2431
1037803,3085042,India,UP,MUP,1,0,1,0,0,0,1,0,0,1,0,0,0,0,0,0,0,0,0,0,0,1,0,0,22.2289,76.0267
1037814,3085064,India,UP,UP,0,0,0,0,0,0,0,0,1,0,0,0,0,0,0,0,0,0,0,0,0,0,0,0,23.1942,86.1981
1037814,3085075,India,UP,UP,0,0,0,0,0,0,0,0,1,0,0,0,0,0,0,0,0,0,0,0,0,0,0,0,23.1942,86.1981
1037814,3085086,India,UP,UP,0,0,0,0,0,0,0,0,1,0,0,0,0,0,0,0,0,0,0,0,0,0,0,0,23.1942,86.1981
1037825,3085097,India,UP,MUP,0,0,0,0,0,0,0,0,1,0,0,0,0,0,0,0,0,0,0,0,0,0,0,0,23.1283,86.2133
1037836,3085101,India,MP,MP,1,0,1,0,0,1,1,0,0,0,0,0,1,0,0,0,0,0,1,1,1,0,0,0,24.5633,82.2217
1037847,3085112,India,MP,MP,0,0,1,0,0,1,0,0,0,1,0,0,0,0,0,0,1,1,1,0,0,0,0,0,15.3226,78.1337
1037847,3085123,India,MP,MP,0,0,1,0,0,1,0,1,0,1,1,0,0,0,0,0,1,1,1,0,0,0,0,0,15.3226,78.1337
1037858,3085134,India,MP,MP,0,0,1,0,0,1,0,1,0,1,1,0,0,0,0,0,1,1,1,0,0,0,0,0,15.3228,78.1301
1037870,3085178,Yemen,MP,MP,0,0,1,0,0,0,0,0,0,0,0,0,0,0,0,0,0,1,1,1,0,0,0,0,15.1895,43.5945
1037881,3085190,Yemen,MP,MP,0,0,1,0,0,0,0,0,0,0,0,0,0,0,0,0,0,1,1,1,0,0,0,0,15.1895,43.5945
1037892,3085204,Yemen,MP,MP,0,0,1,0,0,0,0,0,0,0,0,0,0,0,0,0,0,1,1,1,0,0,0,0,15.1862,43.4226
1037951,3085271,China,UP,UP,0,0,1,0,0,1,0,0,0,0,0,0,0,0,0,0,0,0,0,0,0,0,0,0,36.7,113.55
1037951,3085282,China,MP,MP,1,0,1,0,0,1,0,1,0,0,0,0,0,0,0,0,0,0,0,0,0,0,0,0,36.7,113.55
1037962,3085341,China,MP,MP,1,0,1,0,0,1,0,0,0,0,0,0,1,0,0,0,0,0,0,0,0,0,0,0,26.5167,99.9167
1037973,3085547,Thailand,UP,UP,0,0,1,0,0,0,0,0,0,0,0,0,0,0,0,0,0,0,0,0,0,0,0,0,13.9811,99.42
1037984,3085525,Thailand,UP,UP,0,0,1,0,0,0,0,0,0,0,0,0,0,0,0,1,0,0,0,0,0,0,0,0,19.5667,98.2667
1037995,3085569,Thailand,UP,UP,0,0,1,0,0,0,0,0,0,0,0,0,0,0,0,0,0,0,0,0,0,0,0,0,8.25,98.8333
1038000,3085558,Malaysia,MP,MUP,0,0,1,0,0,0,0,0,0,0,0,0,1,0,0,0,0,0,0,0,0,0,0,0,5.0667,100.9667
1038022,3085709,Indonesia,UP,UP,0,0,0,0,0,1,0,0,0,1,0,1,0,0,0,0,0,0,0,0,0,0,0,0,3.9333,126.7
1038022,3085743,Indonesia,UP,UP,0,0,0,0,0,1,0,0,0,1,0,1,0,0,0,0,0,0,0,0,0,0,0,0,3.9333,126.7
1038033,3085581,Indonesia,UP,UP,0,0,0,0,0,1,0,0,0,0,0,1,0,0,0,0,0,0,0,0,0,0,0,0,-4.8339,119.6008
1038044,3085536,Indonesia,MP,MP,0,1,0,1,0,1,0,1,0,1,0,1,0,0,0,0,0,0,0,0,0,0,0,0,-8.5167,120.4
1038055,3085352,China,MP,MP,0,0,1,0,0,0,0,0,0,0,0,0,1,0,0,0,0,0,0,0,0,0,0,0,30.8756,118.8661
1038066,3085444,China,MP,MP,0,0,0,0,0,0,0,0,0,0,0,0,1,0,0,0,0,0,0,0,0,0,0,0,31.9167,119.3
1038125,3085695,China,UP,UP,0,0,0,0,0,1,0,0,0,1,0,0,0,0,0,0,0,1,0,0,0,0,0,0,40.05,111.5833
1038158,3085868,China,UP,UP,0,1,1,1,1,0,1,0,0,0,0,0,0,0,0,0,0,0,0,0,0,0,0,0,33.1333,112
1038169,3085879,China,UP,UP,0,0,1,0,0,0,0,0,0,0,0,0,0,0,0,1,0,0,0,0,0,0,0,0,21.6762,101.1344
1038170,3085880,China,UP,UP,0,0,1,0,0,0,0,0,0,0,0,0,0,0,0,1,0,0,0,0,0,0,0,0,21.676,101.1446
1038181,3085891,China,MP,MUP,0,0,1,0,0,1,0,0,0,1,0,0,0,0,0,0,1,0,1,0,0,0,0,0,47.1794,86.1365
1038192,3085905,China,UP,UP,0,1,0,0,0,1,0,0,0,0,0,0,0,0,0,0,0,0,0,0,0,0,0,0,23.0833,107.75
1038192,3085916,China,UP,UP,0,1,0,0,0,1,0,0,0,1,0,0,0,0,0,0,0,0,0,0,0,0,0,1,23.0833,107.75
1038192,3085927,China,UP,UP,0,1,0,0,0,1,0,0,0,1,0,0,0,0,0,0,0,0,0,0,0,0,0,1,23.0833,107.75
1038206,3085938,China,MP,MP,0,1,0,0,0,1,0,0,0,1,0,0,0,0,0,0,0,0,0,0,0,0,0,0,35.3,107.6667
1038228,3085950,China,UP,UP,0,0,1,0,0,1,0,0,0,1,0,0,0,0,0,0,0,0,0,0,1,0,0,0,37.9,112.15
1038239,3085961,China,UP,UP,0,0,1,1,1,1,0,0,0,1,0,0,0,0,0,0,0,0,0,0,0,0,0,0,40.9333,111.9667
1038240,3085972,China,MP,MP,0,0,0,1,0,0,0,0,0,1,0,0,0,0,0,0,0,0,0,0,0,0,0,0,34.8258,113.0444
1038262,3085994,China,UP,UP,0,0,0,0,0,1,1,0,0,1,0,0,0,0,0,0,0,0,0,0,0,1,0,1,36.0364,110.5444
1038262,3086009,China,UP,UP,0,0,0,0,0,1,1,0,0,1,0,0,0,0,0,0,0,0,0,0,0,1,0,1,36.0364,110.5444
1038262,3086010,China,UP,UP,0,0,0,0,0,1,0,0,0,1,0,0,0,0,0,0,0,0,0,0,0,1,0,1,36.0364,110.5444
1038273,3086021,China,UP,UP,0,0,0,0,0,1,0,0,0,1,0,0,0,0,0,0,0,0,0,0,0,1,0,0,36.0333,110.55
1038310,3086191,China,UP,UP,1,0,1,0,0,1,0,0,0,0,0,0,0,0,0,0,0,0,0,0,0,0,0,0,28.7363,117.1732
1038310,3086205,China,UP,UP,1,0,0,0,0,1,0,0,0,0,0,0,0,0,0,0,0,0,0,0,0,0,0,1,28.7363,117.1732
1038310,3086216,China,UP,UP,1,0,0,0,0,1,0,0,0,0,0,0,0,0,0,0,0,0,0,0,0,0,0,0,28.7363,117.1732
1038310,3086238,China,UP,UP,0,0,0,0,0,1,0,0,0,0,0,0,0,0,0,0,0,0,0,0,0,0,0,0,28.7363,117.1732
1038310,3086249,China,UP,UP,1,0,0,0,0,1,0,0,0,0,0,0,0,0,0,0,0,0,0,0,0,0,0,0,28.7363,117.1732
1038310,3086250,China,UP,UP,1,0,0,0,0,0,0,0,0,0,0,0,0,0,0,0,0,0,0,0,0,0,0,0,28.7363,117.1732
1038321,3086261,China,UP,UP,1,0,1,0,0,1,0,0,0,0,0,0,0,0,0,0,0,0,0,0,0,0,1,1,28.7273,117.166
1038321,3086272,China,UP,UP,1,0,1,0,0,0,0,0,0,0,0,0,0,0,0,0,0,0,0,0,0,0,0,1,28.7273,117.166
1038321,3086283,China,UP,UP,1,0,1,0,0,1,0,0,0,0,0,0,0,0,0,0,0,0,0,0,0,0,0,0,28.7273,117.166
1038321,3086294,China,UP,UP,1,0,1,0,0,1,0,0,0,1,0,0,0,0,0,0,0,0,0,0,0,0,0,0,28.7273,117.166
1038321,3086308,China,UP,UP,1,1,1,0,0,1,0,1,0,0,0,0,0,0,0,0,0,0,0,0,0,0,0,0,28.7273,117.166
1038321,3086320,China,UP,UP,1,1,0,0,0,1,0,0,0,0,0,0,0,0,0,0,0,0,0,0,0,0,0,0,28.7273,117.166
1038321,3086331,China,UP,UP,1,1,0,0,0,1,0,1,0,0,0,0,0,0,0,0,0,0,0,0,0,0,0,0,28.7273,117.166
1038321,3086342,China,UP,UP,0,0,0,0,0,1,0,0,0,0,0,0,0,0,0,0,0,0,0,0,0,0,0,0,28.7273,117.166
1038332,3086353,China,UP,UP,0,1,1,0,0,1,0,0,0,0,0,0,0,0,0,0,0,0,0,0,0,0,0,0,29.5,106.5
1038343,3086364,China,UP,UP,0,0,0,1,0,1,0,0,0,0,0,0,0,0,0,0,0,0,0,0,0,0,0,0,40.2833,114.6667
1038354,3086375,China,MP,MP,0,1,1,0,1,1,0,0,0,1,0,0,1,0,0,0,0,0,0,0,0,0,0,0,34.2342,109.1711
1038365,3086386,China,MP,MP,1,1,1,0,1,1,0,0,0,1,0,0,0,0,0,0,0,0,0,0,0,0,0,0,34.2936,109.1706
1038376,3086397,China,UP,UP,0,0,0,0,0,0,0,0,0,0,0,0,0,0,0,0,0,0,0,0,1,0,0,0,38.7333,93.3167
1038387,3086401,China,UP,UP,1,1,1,0,0,1,0,0,0,0,0,0,0,0,0,0,0,0,0,0,0,0,0,0,24.5398,117.6607
1038480,3087239,Indonesia,MP,MP,0,0,1,0,0,0,0,0,0,0,0,0,0,0,0,0,0,0,0,0,0,0,0,0,-4.3685,119.9838
1038491,3086559,China,UP,UP,0,0,1,1,0,1,0,0,0,0,0,0,1,0,0,0,0,0,0,0,0,0,0,0,32.8319,110.605
1038505,3086560,China,UP,UP,0,0,1,1,0,1,0,0,0,0,0,0,0,0,0,0,0,0,0,0,0,0,0,0,34.3004,113.6925
1038527,3086571,China,UP,MUP,0,0,0,1,0,0,0,0,0,0,0,0,0,0,0,0,0,0,0,1,0,0,0,0,34.6167,113.5667
1038549,3086582,China,UP,UP,0,0,0,0,0,1,0,0,0,0,0,0,0,0,0,0,0,0,0,0,1,1,0,0,34.4454,113.2273
1038549,3086593,China,UP,UP,0,0,0,0,0,0,0,0,0,0,0,0,0,0,0,0,0,0,0,1,0,0,0,0,34.4454,113.2273
1038550,3086618,China,UP,UP,0,0,1,0,0,1,0,1,0,0,0,0,0,0,0,0,0,0,0,0,1,0,0,0,46.7295,123.0112
1038561,3086629,China,UP,UP,1,0,0,0,0,1,0,1,0,1,0,0,0,0,0,0,0,0,0,0,1,1,0,0,39.9211,114.0851
1038561,3086630,China,UP,UP,0,0,0,0,0,1,0,0,0,0,0,0,0,0,0,0,0,0,0,0,0,0,0,0,39.9211,114.0851
1038583,3086641,China,UP,UP,0,0,0,0,0,1,0,1,0,1,0,0,0,0,0,0,0,0,0,0,1,0,0,0,31.4667,88.8
1038723,3087103,China,UP,UP,1,1,0,0,0,1,1,1,0,0,0,0,0,0,0,0,0,0,0,0,1,1,0,0,35.4397,112.0214
1038723,3087114,China,UP,UP,1,1,0,0,0,1,1,1,0,1,0,0,0,0,0,0,0,0,0,0,0,1,0,0,35.4397,112.0214
1038723,3087125,China,UP,UP,0,1,1,0,0,1,0,0,0,0,0,0,0,0,0,0,0,0,0,0,0,0,0,0,35.4397,112.0214
1038756,3087158,China,UP,MUP,0,1,0,1,0,1,0,0,0,1,0,0,0,0,0,0,0,0,0,0,0,0,0,0,34.6358,113.5844
1038756,3087169,China,UP,MUP,0,0,0,1,0,0,0,0,0,0,0,0,0,0,0,0,0,0,0,0,0,0,0,0,34.6358,113.5844
1038778,3087310,"Korea, Republic of",UP,UP,0,1,1,0,0,1,1,0,0,1,0,0,0,0,0,0,0,0,0,1,1,1,0,0,36.938,128.3
1038778,3087321,"Korea, Republic of",UP,UP,0,1,1,0,0,1,1,0,1,1,0,0,0,1,0,1,0,0,1,1,1,1,0,1,36.938,128.3
1038778,3087332,"Korea, Republic of",UP,UP,0,1,1,1,0,1,1,0,1,1,1,0,0,0,0,0,0,0,1,1,1,1,0,0,36.938,128.3
1038778,3087343,"Korea, Republic of",UP,MUP,0,1,1,0,0,1,1,0,1,1,1,0,0,0,0,0,0,0,1,1,1,0,0,0,36.938,128.3
1009057,3020968,United Arab Emirates,UP,MUP,0,0,0,0,0,1,0,1,0,0,0,0,0,0,0,0,0,0,0,1,0,0,0,0,25.1189,55.8469
1009057,3020957,United Arab Emirates,MP(HS),MP,0,0,0,0,0,1,0,1,0,1,0,0,0,0,0,0,0,0,0,1,1,0,0,0,25.1189,55.8469
1009057,3020935,United Arab Emirates,MP(HS),MP,0,0,0,0,0,1,0,0,0,0,0,0,1,0,0,0,0,0,1,0,1,0,0,0,25.1189,55.8469
1009068,3020979,United Arab Emirates,MP(HS),MP,0,1,0,0,0,1,0,0,0,1,0,0,1,0,0,0,1,0,1,0,0,0,0,0,23.9475,52.2572
1013548,3036484,Sri Lanka,UP,UP,1,1,0,0,0,1,0,0,1,1,0,0,0,0,0,0,0,0,0,0,0,0,0,0,6.7999,80.3666
1013548,3036473,Sri Lanka,UP,UP,1,1,0,0,0,1,0,0,1,1,0,0,0,0,0,0,0,0,0,0,0,0,0,0,6.7999,80.3666
1013548,3036439,Sri Lanka,UP,UP,1,1,0,0,0,1,0,0,1,1,0,0,0,0,0,0,0,0,0,0,0,0,0,0,6.7999,80.3666
1013548,3036428,Sri Lanka,UP,UP,1,1,0,0,0,1,0,0,1,1,0,0,0,0,0,0,0,0,0,0,0,0,0,0,6.7999,80.3666
1013582,3087424,Sri Lanka,UP,MUP,1,1,0,0,0,0,0,0,1,0,0,1,0,0,0,0,0,0,0,0,0,1,0,0,6.6333,80.2
1035937,3081543,Uzbekistan,UP,UP,0,0,0,0,0,1,1,1,1,1,0,0,0,0,0,0,0,0,0,1,1,1,0,0,41.0086,70.0061
1035937,3087435,Uzbekistan,UP,UP,0,0,0,0,0,1,1,1,1,1,0,0,0,0,0,0,1,0,1,1,1,1,0,0,41.0086,70.0061
1035937,3081565,Uzbekistan,MP,MP,0,0,0,0,0,1,0,0,0,0,0,0,0,0,0,0,0,0,0,1,1,1,0,0,41.0086,70.0061
